,Screener Defender,Season,Picks,Picks Per 100 Possessions,Possessions,Points Per Chance,Possessions (Total)
1,Clint Capela,2017-18,604,11.892,554,0.905,5079
2,Clint Capela,2018-19,594,11.487,542,0.943,5171
3,Kevon Looney,2018-19,401,9.943,375,0.934,4033
4,Bam Adebayo,2020-21,372,8.192,345,0.870,4541
5,P.J. Tucker,2019-20,263,4.343,237,0.882,6056
6,Julius Randle,2017-18,245,5.399,228,0.996,4538
7,Bam Adebayo,2019-20,232,3.752,213,0.949,6184
8,Richaun Holmes,2020-21,230,6.265,222,0.941,3671
9,  Nene,2017-18,224,12.577,205,0.917,1781
10,Tristan Thompson,2017-18,223,7.491,211,1.099,2977
11,Clint Capela,2019-20,214,7.836,192,1.073,2731
12,David West,2017-18,206,8.841,183,0.940,2330
13,Bismack Biyombo,2020-21,199,7.210,183,0.956,2760
14,Draymond Green,2018-19,199,3.257,177,1.006,6110
15,Tristan Thompson,2016-17,195,3.377,186,0.936,5775
16,Nic Claxton,2020-21,189,12.848,175,0.747,1471
17,Steven Adams,2017-18,182,3.401,171,0.942,5352
18,DeAndre Jordan,2017-18,180,3.681,168,0.958,4890
19,DeAndre Jordan,2016-17,175,3.123,163,0.896,5604
20,P.J. Washington,2020-21,174,4.309,159,0.912,4038
21,Jeff Green,2019-20,167,6.122,151,0.724,2728
22,Montrezl Harrell,2018-19,163,3.304,150,1.133,4934
23,Draymond Green,2017-18,161,2.514,147,0.898,6403
24,Marcus Morris Sr.,2020-21,152,3.607,142,0.908,4214
25,Draymond Green,2016-17,150,2.349,140,0.936,6387
26,Blake Griffin,2020-21,149,4.965,142,0.958,3001
27,Jeff Green,2020-21,148,3.597,136,1.080,4114
28,Willie Cauley-Stein,2018-19,144,3.045,137,1.044,4729
29,Mitchell Robinson,2018-19,143,5.155,135,1.089,2774
30,Zaza Pachulia,2016-17,142,4.621,129,0.760,3073
31,DeAndre Jordan,2020-21,140,5.437,131,1.098,2575
32,Ryan Anderson,2017-18,140,3.814,127,1.063,3671
33,Larry Nance Jr.,2017-18,139,3.957,131,0.932,3513
34,Bobby Portis,2020-21,134,3.673,122,0.815,3648
35,Kevin Love,2017-18,134,2.947,131,1.023,4547
36,Kevon Looney,2017-18,133,5.023,127,0.969,2648
37,Dwight Powell,2018-19,130,3.840,118,0.924,3385
38,Steven Adams,2018-19,125,2.090,119,0.924,5981
39,Tarik Black,2017-18,124,10.973,118,0.797,1130
40,Cody Zeller,2020-21,122,5.760,114,0.877,2118
41,Marquese Chriss,2019-20,120,4.813,109,1.119,2493
42,David West,2016-17,120,5.668,112,0.938,2117
43,Draymond Green,2015-16,115,1.505,109,0.798,7643
44,Montrezl Harrell,2017-18,115,4.304,103,0.680,2672
45,Christian Wood,2020-21,115,4.149,106,0.991,2772
46,Tristan Thompson,2015-16,115,2.065,107,0.880,5569
47,Kevon Looney,2020-21,114,4.544,108,0.807,2509
48,Montrezl Harrell,2019-20,114,2.698,102,1.010,4225
49,P.J. Tucker,2017-18,114,2.010,107,0.832,5671
50,Brook Lopez,2020-21,114,2.125,105,1.010,5365
51,Mitchell Robinson,2019-20,113,3.886,103,1.117,2908
52,Clint Capela,2016-17,112,2.995,103,1.212,3740
53,Giannis Antetokounmpo,2020-21,112,1.915,106,0.943,5849
54,Isaiah Stewart,2020-21,110,3.725,101,0.941,2953
55,Kenneth Faried,2018-19,110,6.803,102,0.902,1617
56,Joel Embiid,2018-19,108,2.113,101,0.960,5111
57,Draymond Green,2020-21,108,2.453,99,1.061,4402
58,Nerlens Noel,2018-19,107,4.646,98,0.857,2303
59,Patrick Patterson,2017-18,107,4.273,101,0.792,2504
60,  Nene,2016-17,106,3.704,99,0.747,2862
61,Steven Adams,2016-17,105,2.035,98,0.806,5159
62,DeAndre Jordan,2014-15,105,1.620,98,0.806,6482
63,Mason Plumlee,2018-19,105,2.681,98,0.806,3917
64,Jordan Bell,2018-19,103,5.610,96,0.979,1836
65,Al Horford,2018-19,103,2.200,99,1.051,4682
66,Mason Plumlee,2019-20,102,3.922,93,0.821,2601
67,Brook Lopez,2017-18,102,2.830,94,0.926,3604
68,Montrezl Harrell,2016-17,101,4.535,94,1.128,2227
69,Dwight Powell,2017-18,101,3.056,95,1.021,3305
70,Steven Adams,2015-16,100,1.960,93,0.710,5102
71,DeAndre Jordan,2015-16,100,1.801,94,0.840,5553
72,Joel Embiid,2017-18,98,2.247,93,0.871,4362
73,Draymond Green,2014-15,97,1.457,91,0.857,6658
74,Kelly Olynyk,2020-21,97,2.354,93,0.946,4121
75,Deandre Ayton,2020-21,97,1.671,92,1.163,5804
76,  Nene,2018-19,95,7.838,86,0.826,1212
77,Dwight Howard,2015-16,94,1.920,87,0.809,4896
78,Bobby Portis,2018-19,93,3.539,88,1.159,2628
79,Pau Gasol,2016-17,93,2.462,86,0.953,3778
80,Marcin Gortat,2017-18,93,2.090,87,0.908,4449
81,P.J. Tucker,2020-21,92,2.187,86,1.058,4206
82,DeMarcus Cousins,2018-19,92,4.881,85,1.071,1885
83,DeAndre Jordan,2018-19,91,2.169,84,1.012,4195
84,JaVale McGee,2017-18,90,5.668,85,1.000,1588
85,Nikola Jokic,2018-19,90,1.482,85,1.035,6071
86,Al Horford,2017-18,90,1.608,86,1.070,5597
87,Andre Drummond,2018-19,89,1.592,81,1.222,5589
88,Zaza Pachulia,2017-18,88,4.257,83,1.012,2067
89,Wendell Carter Jr.,2018-19,88,3.995,83,0.831,2203
90,Jeff Green,2017-18,87,1.835,81,1.049,4741
91,Cody Zeller,2018-19,87,3.412,80,1.250,2550
92,Mason Plumlee,2020-21,87,2.885,78,1.038,3016
93,Isaiah Hartenstein,2018-19,87,18.996,80,0.913,458
94,Taj Gibson,2019-20,86,4.163,82,0.963,2066
95,Myles Turner,2018-19,86,1.898,81,0.938,4530
96,Noah Vonleh,2016-17,86,3.168,80,1.012,2715
97,JaVale McGee,2018-19,85,2.381,79,0.873,3570
98,Tristan Thompson,2014-15,85,1.546,76,0.961,5498
99,Jae'Sean Tate,2020-21,85,1.998,81,0.927,4254
100,Noah Vonleh,2018-19,85,2.426,74,0.946,3504
101,Mason Plumlee,2017-18,84,2.872,78,1.077,2925
102,Serge Ibaka,2018-19,84,1.648,80,0.850,5098
103,P.J. Tucker,2018-19,83,1.280,75,0.827,6485
104,Nerlens Noel,2014-15,83,1.821,76,0.844,4558
105,Nicolas Batum,2020-21,82,1.723,76,1.184,4758
106,Nikola Jokic,2019-20,81,1.360,76,0.789,5958
107,Thon Maker,2017-18,80,3.015,76,0.947,2653
108,Johnathan Williams,2018-19,79,10.286,74,1.080,768
109,Deandre Ayton,2018-19,79,1.749,76,0.684,4518
110,Anthony Davis,2019-20,78,1.296,76,1.000,6017
111,Bismack Biyombo,2019-20,78,3.854,76,1.026,2024
112,Dwight Powell,2016-17,78,3.121,74,0.865,2499
113,Marvin Williams,2018-19,77,1.777,72,1.055,4332
114,Damian Jones,2019-20,75,3.985,73,1.123,1882
115,Grant Williams,2020-21,75,3.067,73,1.233,2445
116,Brandon Bass,2015-16,74,2.787,69,0.942,2655
117,LaMarcus Aldridge,2016-17,74,1.369,67,0.910,5406
118,Willie Cauley-Stein,2019-20,74,3.286,63,0.828,2252
119,Marc Gasol,2016-17,74,1.408,72,0.750,5257
120,Serge Ibaka,2019-20,74,2.045,71,0.944,3618
121,Dewayne Dedmon,2018-19,73,2.149,68,0.783,3397
122,Clint Capela,2015-16,73,2.378,67,0.642,3070
123,Precious Achiuwa,2020-21,73,4.750,68,0.676,1537
124,Richaun Holmes,2018-19,73,2.989,63,0.794,2442
125,Anthony Davis,2016-17,73,1.329,64,0.953,5494
126,Marcin Gortat,2016-17,73,1.232,67,0.806,5927
127,Serge Ibaka,2013-14,72,1.126,69,1.000,6394
128,Miles Bridges,2020-21,72,1.776,68,0.912,4055
129,Ivica Zubac,2020-21,72,1.888,65,1.031,3813
130,Patrick Patterson,2020-21,72,6.128,65,0.877,1175
131,Thomas Bryant,2018-19,72,2.310,67,0.985,3117
132,Xavier Tillman,2020-21,71,3.035,65,0.815,2339
133,Jordan Bell,2017-18,70,3.471,66,1.000,2017
134,Jeff Green,2018-19,70,1.614,65,0.985,4337
135,Enes Freedom,2015-16,70,1.735,66,0.788,4034
136,Cristiano Felicio,2018-19,70,4.605,66,1.061,1520
137,Terrence Jones,2013-14,69,1.577,63,0.794,4375
138,Maxi Kleber,2017-18,69,2.877,68,0.912,2398
139,Grant Williams,2019-20,69,2.736,66,0.848,2522
140,Tyson Chandler,2014-15,69,1.423,62,0.774,4850
141,Anthony Davis,2015-16,68,1.560,61,1.115,4360
142,Julius Randle,2016-17,68,1.560,68,1.162,4360
143,Ian Mahinmi,2017-18,68,2.851,61,0.721,2385
144,Damian Jones,2018-19,68,7.935,60,1.017,857
145,Anthony Davis,2017-18,67,1.037,59,0.831,6463
146,Bismack Biyombo,2016-17,67,1.901,65,0.969,3525
147,Maxi Kleber,2018-19,67,2.185,64,1.094,3066
148,JJ Hickson,2014-15,67,2.377,62,0.887,2819
149,Jerami Grant,2017-18,66,1.885,61,1.033,3501
150,Robert Covington,2020-21,66,1.311,61,0.967,5035
151,Karl-Anthony Towns,2017-18,66,1.087,61,1.033,6070
152,Jakob Poeltl,2017-18,66,1.988,62,1.016,3320
153,Marvin Bagley III,2020-21,66,2.861,65,1.185,2307
154,Marc Gasol,2018-19,65,1.037,62,0.823,6269
155,Enes Freedom,2017-18,65,1.797,58,0.729,3618
156,Robin Lopez,2018-19,65,2.019,62,0.887,3219
157,Cody Zeller,2019-20,65,2.497,62,1.290,2603
158,Giannis Antetokounmpo,2017-18,65,1.094,60,0.933,5941
159,Richaun Holmes,2019-20,64,2.555,59,1.220,2505
160,Bismack Biyombo,2018-19,64,4.048,58,0.881,1581
161,Jonas Jerebko,2018-19,64,2.321,59,1.220,2758
162,Domantas Sabonis,2017-18,63,1.611,58,1.224,3911
163,Amir Johnson,2017-18,63,2.388,58,0.898,2638
164,Tyson Chandler,2013-14,63,2.030,59,0.644,3104
165,Julius Randle,2019-20,63,1.484,57,0.982,4246
166,Myles Turner,2017-18,63,1.565,60,1.100,4026
167,Alex Len,2018-19,62,1.838,57,1.105,3374
168,Channing Frye,2016-17,62,2.013,58,0.776,3080
169,Dewayne Dedmon,2016-17,62,2.252,59,1.017,2753
170,John Henson,2017-18,62,1.543,59,0.847,4017
171,Blake Griffin,2017-18,62,1.562,55,0.745,3970
172,Al Horford,2016-17,62,1.120,60,0.900,5536
173,Carmelo Anthony,2017-18,61,1.148,57,0.684,5314
174,DeAndre Jordan,2013-14,61,0.931,59,0.915,6555
175,Marcus Morris Sr.,2018-19,61,1.254,56,1.196,4866
176,Markieff Morris,2017-18,61,1.429,57,1.035,4270
177,Dwight Howard,2019-20,60,1.860,58,1.155,3225
178,Pau Gasol,2017-18,60,1.604,56,0.875,3740
179,Andrea Bargnani,2013-14,60,2.585,55,0.982,2321
180,Alex Len,2015-16,59,1.598,59,0.966,3692
181,John Collins,2020-21,59,1.195,55,1.127,4936
182,Karl-Anthony Towns,2018-19,59,1.125,57,0.702,5245
183,Nikola Jokic,2020-21,59,1.039,55,0.891,5678
184,Brook Lopez,2016-17,58,1.249,56,1.232,4644
185,Josh Smith,2014-15,58,1.064,54,1.255,5449
186,Nikola Jokic,2017-18,58,1.208,54,1.000,4803
187,Blake Griffin,2014-15,58,1.011,54,0.815,5737
188,Amir Johnson,2016-17,58,1.665,55,0.873,3484
189,Andre Drummond,2017-18,58,1.109,55,0.927,5232
190,Alex Len,2016-17,58,1.819,54,1.000,3188
191,Blake Griffin,2016-17,57,1.323,55,0.855,4309
192,Serge Ibaka,2015-16,57,0.915,53,0.887,6230
193,Cristiano Felicio,2017-18,57,2.914,52,1.283,1956
194,James Harden,2019-20,57,0.925,49,0.939,6161
195,Terrence Jones,2014-15,57,2.186,55,0.818,2608
196,Willie Cauley-Stein,2016-17,57,2.040,54,0.907,2794
197,Nikola Vucevic,2016-17,57,1.310,55,1.036,4350
198,Willy Hernangomez,2018-19,57,3.369,52,1.113,1692
199,Serge Ibaka,2020-21,57,2.952,51,1.039,1931
200,Robin Lopez,2017-18,57,1.667,53,0.925,3420
201,Clint Capela,2020-21,57,1.136,53,0.943,5016
202,Myles Turner,2016-17,57,1.081,53,0.774,5274
203,Kevin Durant,2013-14,56,0.718,53,0.887,7801
204,Tyson Chandler,2015-16,56,1.720,54,0.926,3255
205,Bismack Biyombo,2017-18,56,1.870,54,1.185,2995
206,Aron Baynes,2017-18,56,1.564,53,0.962,3580
207,Jarrett Allen,2019-20,56,1.360,50,1.260,4118
208,Robin Lopez,2016-17,56,1.180,52,0.827,4746
209,Bruno Fernando,2019-20,56,3.748,54,1.019,1494
210,John Collins,2019-20,55,1.888,51,1.118,2913
211,Tristan Thompson,2020-21,55,1.869,53,1.057,2943
212,Kevin Love,2015-16,55,0.951,55,0.873,5781
213,Maxi Kleber,2019-20,55,1.281,50,0.940,4295
214,Damian Jones,2020-21,54,4.749,52,1.192,1137
215,Kyle Kuzma,2018-19,54,1.090,48,0.750,4954
216,Willy Hernangomez,2016-17,54,2.033,50,1.080,2656
217,Serge Ibaka,2016-17,53,0.990,50,0.760,5351
218,Serge Ibaka,2017-18,53,1.107,48,1.250,4786
219,Marc Gasol,2017-18,53,1.132,50,0.980,4681
220,James Wiseman,2020-21,53,2.935,52,1.038,1806
221,Brook Lopez,2018-19,53,0.906,49,0.551,5853
222,Nerlens Noel,2020-21,53,1.635,52,0.865,3241
223,Jaren Jackson Jr.,2019-20,53,1.528,50,0.840,3469
224,Bobby Portis,2017-18,53,1.586,50,1.340,3342
225,Harry Giles III,2018-19,52,2.930,50,0.980,1775
226,Thomas Robinson,2016-17,52,4.626,51,0.824,1124
227,Andrew Bogut,2015-16,52,1.399,51,0.686,3716
228,Domantas Sabonis,2018-19,52,1.334,47,0.745,3899
229,JJ Hickson,2013-14,52,1.386,48,0.917,3751
230,Enes Freedom,2016-17,52,1.666,49,1.122,3122
231,Maxi Kleber,2020-21,52,1.687,48,1.104,3082
232,Jerami Grant,2018-19,52,0.882,49,0.960,5895
233,Daniel Theis,2019-20,52,1.253,49,0.816,4150
234,Kyle O'Quinn,2016-17,52,2.159,48,1.125,2409
235,Dwight Powell,2020-21,52,2.543,48,0.646,2045
236,Nikola Jokic,2015-16,52,1.527,52,1.038,3405
237,Kristaps Porzingis,2016-17,51,1.184,48,0.646,4309
238,DeMarcus Cousins,2015-16,51,1.100,49,0.490,4636
239,Marreese Speights,2016-17,51,1.884,50,0.940,2707
240,Mason Plumlee,2016-17,51,1.186,47,0.851,4300
241,Bobby Portis,2019-20,51,1.797,48,0.938,2838
242,Willie Cauley-Stein,2017-18,51,1.266,49,0.714,4027
243,Donatas Motiejunas,2014-15,50,1.265,49,1.143,3953
244,Karl-Anthony Towns,2020-21,50,1.420,49,0.878,3522
245,DeMarcus Cousins,2016-17,50,1.039,47,0.872,4811
246,Rui Hachimura,2019-20,49,1.601,45,1.111,3061
247,Larry Nance Jr.,2016-17,49,1.670,42,1.238,2935
248,Amar'e Stoudemire,2013-14,49,1.825,46,0.891,2685
249,James Harden,2018-19,49,0.740,46,0.674,6618
250,Eric Paschall,2020-21,49,3.363,43,1.163,1457
251,Jakob Poeltl,2020-21,49,1.279,47,0.702,3831
252,Al Horford,2015-16,49,0.823,47,0.702,5952
253,Blake Griffin,2013-14,49,0.742,45,0.915,6600
254,Kelly Olynyk,2016-17,48,1.280,48,1.208,3751
255,JaVale McGee,2016-17,48,2.546,48,1.000,1885
256,Chimezie Metu,2020-21,48,4.729,45,1.200,1015
257,Pascal Siakam,2019-20,48,0.913,47,0.723,5259
258,Kristaps Porzingis,2019-20,48,1.232,47,1.106,3896
259,Ben Simmons,2018-19,48,0.737,45,0.911,6517
260,Kristaps Porzingis,2020-21,48,1.541,46,1.152,3114
261,Larry Nance Jr.,2018-19,48,1.346,44,0.932,3567
262,Jusuf Nurkic,2018-19,47,1.146,41,0.951,4103
263,Nikola Jokic,2016-17,47,1.151,45,0.889,4083
264,Pascal Siakam,2018-19,47,0.672,44,0.795,6993
265,Gorgui Dieng,2020-21,47,4.048,44,0.932,1161
266,Dario Saric,2020-21,47,2.298,43,0.837,2045
267,Draymond Green,2013-14,47,1.177,47,0.766,3994
268,Tarik Black,2016-17,47,2.119,45,1.178,2218
269,Marquese Chriss,2016-17,47,1.324,45,1.333,3549
270,Jonas Valanciunas,2017-18,47,1.186,47,1.064,3963
271,Danilo Gallinari,2018-19,47,1.000,42,0.814,4701
272,D.J. Wilson,2020-21,46,5.169,42,1.048,890
273,Julius Randle,2018-19,46,0.969,40,1.300,4747
274,Gorgui Dieng,2016-17,46,0.887,45,1.044,5184
275,JaMychal Green,2019-20,46,1.430,44,0.932,3217
276,Daniel Theis,2017-18,46,2.605,44,0.864,1766
277,LaMarcus Aldridge,2017-18,46,0.885,40,1.000,5195
278,Chris Boucher,2020-21,46,1.552,43,0.814,2964
279,Mike Scott,2018-19,45,1.329,43,1.093,3385
280,Domantas Sabonis,2020-21,45,0.933,42,0.667,4821
281,Henry Sims,2014-15,45,1.630,40,0.725,2761
282,Ryan Anderson,2016-17,45,0.903,43,0.721,4985
283,  Nene,2015-16,45,2.011,42,1.024,2238
284,Thaddeus Young,2014-15,45,0.885,43,0.558,5083
285,Marquese Chriss,2018-19,45,4.500,42,1.214,1000
286,Montrezl Harrell,2020-21,45,1.358,42,0.976,3314
287,LeBron James,2018-19,44,1.068,41,0.854,4120
288,Robert Covington,2019-20,44,0.831,43,1.000,5295
289,Dwight Howard,2013-14,44,0.854,41,0.878,5150
290,Mike Muscala,2018-19,44,1.601,42,1.095,2748
291,Myles Turner,2019-20,44,1.105,43,0.628,3983
292,OG Anunoby,2019-20,44,0.863,40,0.975,5100
293,Nikola Vucevic,2017-18,44,1.265,39,1.205,3479
294,Dwight Howard,2014-15,44,1.243,40,0.825,3541
295,Lauri Markkanen,2018-19,43,1.279,42,1.024,3362
296,Daniel Theis,2018-19,43,2.166,43,0.767,1985
297,Quincy Acy,2016-17,43,3.819,41,0.756,1126
298,Derrick Favors,2017-18,43,0.891,40,1.000,4824
299,Ryan Anderson,2014-15,43,1.279,42,0.833,3361
300,Richaun Holmes,2016-17,43,1.745,41,0.902,2464
301,Markieff Morris,2018-19,43,1.545,40,0.775,2783
302,Anthony Davis,2018-19,43,1.089,38,0.947,3947
303,Markieff Morris,2016-17,43,0.777,41,1.000,5534
304,Omari Spellman,2019-20,43,2.357,40,1.075,1824
305,Willie Cauley-Stein,2020-21,43,2.205,40,0.850,1950
306,Frank Kaminsky,2019-20,42,2.657,39,0.821,1581
307,Tyson Chandler,2016-17,42,1.673,41,0.829,2511
308,Daniel Theis,2020-21,42,1.300,39,0.923,3231
309,David Lee,2016-17,42,1.245,39,1.103,3374
310,Deandre Ayton,2019-20,42,1.629,39,1.231,2578
311,Al Horford,2019-20,42,0.950,40,1.200,4420
312,Myles Turner,2020-21,41,1.367,37,0.730,2999
313,Ekpe Udoh,2017-18,41,2.482,38,1.158,1652
314,Jusuf Nurkic,2014-15,41,1.863,35,0.714,2201
315,Jusuf Nurkic,2017-18,41,0.933,38,0.816,4394
316,Kosta Koufos,2017-18,41,1.517,35,0.971,2702
317,Jusuf Nurkic,2016-17,41,1.455,39,1.154,2817
318,Andray Blatche,2013-14,40,1.200,36,1.167,3332
319,Joakim Noah,2016-17,40,1.982,39,0.795,2018
320,Kevin Love,2016-17,40,0.814,37,0.838,4917
321,Kenneth Faried,2016-17,40,1.534,37,1.027,2608
322,Jarrett Allen,2020-21,40,1.058,39,1.077,3780
323,Rudy Gobert,2016-17,40,0.711,39,0.974,5628
324,Brandon Bass,2013-14,40,0.911,39,0.974,4389
325,Bam Adebayo,2018-19,40,1.035,38,0.789,3865
326,Anderson Varejao,2015-16,40,3.445,38,1.263,1161
327,DeMarcus Cousins,2020-21,40,2.508,38,0.763,1595
328,Tim Duncan,2015-16,40,1.190,40,0.625,3360
329,Luke Kornet,2018-19,40,2.581,36,0.917,1550
330,James Harden,2020-21,40,1.026,38,0.947,3900
331,Gorgui Dieng,2018-19,40,1.855,38,1.053,2156
332,Giannis Antetokounmpo,2019-20,40,0.853,36,0.694,4691
333,Andre Drummond,2019-20,40,1.074,40,1.100,3723
334,Dario Saric,2016-17,39,0.894,37,0.730,4362
335,Meyers Leonard,2016-17,39,1.557,36,1.000,2505
336,Tobias Harris,2018-19,39,0.569,38,1.316,6859
337,Mike Scott,2017-18,39,1.265,37,1.108,3084
338,Andre Drummond,2016-17,39,0.829,35,0.714,4702
339,Serge Ibaka,2014-15,39,0.935,35,0.743,4169
340,Timofey Mozgov,2014-15,39,0.783,35,0.886,4979
341,Bismack Biyombo,2015-16,38,0.872,34,1.059,4359
342,LaMarcus Aldridge,2018-19,38,0.645,36,0.778,5895
343,Tristan Thompson,2019-20,38,1.081,35,1.000,3514
344,LaMarcus Aldridge,2015-16,38,0.759,38,0.684,5009
345,Thomas Bryant,2019-20,38,1.566,35,1.143,2427
346,Al-Farouq Aminu,2016-17,38,1.006,33,0.727,3777
347,LaMarcus Aldridge,2019-20,38,1.082,33,0.909,3512
348,Jakob Poeltl,2018-19,38,1.286,35,0.800,2955
349,Kyle Kuzma,2017-18,38,0.763,36,0.806,4980
350,Kenneth Faried,2015-16,38,1.135,36,1.111,3349
351,Greg Monroe,2016-17,38,0.989,37,0.946,3844
352,Dario Saric,2017-18,38,0.712,37,0.892,5337
353,Timofey Mozgov,2015-16,38,1.404,32,0.938,2707
354,Robert Williams III,2020-21,37,1.753,35,1.029,2111
355,Willie Cauley-Stein,2015-16,37,1.290,35,0.629,2868
356,Jaylen Brown,2020-21,37,0.901,32,1.000,4107
357,Spencer Hawes,2013-14,37,0.742,35,1.171,4987
358,Naz Reid,2020-21,37,1.307,35,1.000,2831
359,James Michael McAdoo,2016-17,37,3.558,33,0.455,1040
360,Dragan Bender,2017-18,37,0.861,35,0.861,4297
361,Christian Wood,2019-20,37,1.398,36,1.167,2646
362,Frank Kaminsky,2018-19,37,2.436,35,0.914,1519
363,Harrison Barnes,2014-15,37,0.608,37,0.730,6087
364,Reggie Perry,2020-21,37,7.660,36,0.806,483
365,Richaun Holmes,2017-18,37,2.382,36,1.194,1553
366,Greg Monroe,2017-18,37,1.634,35,0.800,2264
367,Kendrick Perkins,2013-14,37,1.188,33,0.848,3114
368,Cristiano Felicio,2016-17,37,1.670,33,1.152,2215
369,Dwight Powell,2019-20,36,1.727,34,1.118,2084
370,Kenneth Faried,2013-14,36,0.811,34,1.029,4439
371,Marcin Gortat,2015-16,36,0.789,34,0.765,4565
372,Marvin Bagley III,2018-19,36,1.082,35,1.057,3328
373,Kevin Durant,2016-17,36,0.663,34,0.941,5426
374,Draymond Green,2019-20,36,1.398,35,1.171,2575
375,Steven Adams,2020-21,36,1.107,35,1.314,3253
376,Nerlens Noel,2015-16,36,0.910,34,0.853,3956
377,Andre Drummond,2020-21,36,1.311,30,0.767,2747
378,Harry Giles III,2019-20,36,2.590,36,1.250,1390
379,Josh Smith,2015-16,36,1.926,35,0.800,1869
380,JaVale McGee,2019-20,35,1.331,34,0.941,2630
381,Steven Adams,2014-15,35,1.013,34,0.735,3454
382,Karl-Anthony Towns,2015-16,35,0.671,32,0.969,5213
383,Pascal Siakam,2020-21,35,0.856,31,0.774,4088
384,DeMarcus Cousins,2017-18,35,0.993,32,0.969,3524
385,Kyle O'Quinn,2017-18,35,1.286,29,1.000,2722
386,Jaylen Hoard,2020-21,35,5.216,31,1.097,671
387,Aron Baynes,2019-20,35,1.817,34,1.294,1926
388,Kenneth Faried,2017-18,35,3.796,31,1.129,922
389,Kenyon Martin Jr.,2020-21,35,1.558,34,0.971,2246
390,Jerami Grant,2019-20,35,0.685,31,0.710,5106
391,Joakim Noah,2013-14,35,0.627,35,0.886,5581
392,Jalen McDaniels,2020-21,35,1.887,33,0.879,1855
393,Paul Millsap,2018-19,34,0.720,31,0.774,4721
394,Brandon Bass,2014-15,34,0.846,32,0.813,4021
395,Derrick Favors,2018-19,34,0.890,29,0.931,3820
396,Rondae Hollis-Jefferson,2019-20,34,1.408,30,1.433,2414
397,Joey Dorsey,2014-15,34,1.957,32,0.500,1737
398,Isaiah Hartenstein,2019-20,34,5.944,33,0.970,572
399,Kevin Love,2019-20,34,0.939,31,1.065,3621
400,Thaddeus Young,2013-14,34,0.611,31,0.903,5563
401,Festus Ezeli,2015-16,34,1.693,31,0.813,2008
402,JaMychal Green,2016-17,34,0.802,31,0.645,4238
403,Jon Leuer,2016-17,34,0.889,31,1.129,3824
404,Gorgui Dieng,2019-20,34,1.450,32,0.906,2345
405,Jabari Parker,2018-19,34,0.948,31,0.839,3588
406,Mason Plumlee,2015-16,34,0.709,32,1.000,4798
407,Al Horford,2014-15,34,0.616,28,0.929,5517
408,Terrence Jones,2016-17,33,1.280,33,0.879,2579
409,Joakim Noah,2018-19,33,2.337,31,0.516,1412
410,Salah Mejri,2017-18,33,2.316,33,0.939,1425
411,Enes Freedom,2018-19,33,0.776,32,1.063,4251
412,Rui Hachimura,2020-21,33,0.758,31,1.281,4356
413,Brook Lopez,2015-16,33,0.686,31,1.161,4810
414,Kris Humphries,2013-14,33,1.251,30,0.833,2638
415,Nerlens Noel,2019-20,33,1.330,30,0.800,2481
416,John Henson,2013-14,33,0.949,30,0.733,3476
417,Pau Gasol,2015-16,33,0.726,32,0.813,4543
418,Gorgui Dieng,2015-16,33,0.758,33,0.879,4351
419,John Collins,2018-19,33,0.843,32,1.094,3916
420,Kevon Looney,2016-17,33,3.599,31,1.032,917
421,Anderson Varejao,2013-14,32,0.936,30,0.800,3417
422,P.J. Washington,2019-20,32,0.929,29,0.690,3443
423,Ed Davis,2017-18,32,1.058,30,1.100,3025
424,DeAndre Jordan,2019-20,32,1.234,30,0.500,2593
425,Taj Gibson,2013-14,32,0.692,30,1.333,4623
426,Jared Sullinger,2015-16,32,0.800,29,0.966,4001
427,Jahlil Okafor,2018-19,32,1.624,29,0.966,1971
428,Ersan Ilyasova,2018-19,32,1.007,28,0.700,3178
429,Bam Adebayo,2017-18,32,1.138,31,0.935,2813
430,Derrick Favors,2016-17,32,1.203,27,0.815,2660
431,Paul Pierce,2013-14,32,0.699,30,0.867,4579
432,Amir Johnson,2018-19,32,2.756,29,0.862,1161
433,Joakim Noah,2014-15,32,0.684,32,0.969,4681
434,Jaylen Brown,2019-20,32,0.605,28,1.179,5289
435,Ivica Zubac,2018-19,32,1.394,28,1.143,2296
436,Jahlil Okafor,2016-17,32,1.426,31,1.355,2244
437,Dario Saric,2019-20,31,0.926,30,0.667,3349
438,Bruno Caboclo,2019-20,31,5.626,31,0.774,551
439,Kevin Seraphin,2014-15,31,1.260,29,0.586,2460
440,Jusuf Nurkic,2015-16,31,2.862,26,0.923,1083
441,Taj Gibson,2017-18,31,0.548,29,0.724,5655
442,Kevin Durant,2018-19,31,0.469,29,0.724,6613
443,Chris Boucher,2019-20,31,1.729,28,1.250,1793
444,Jusuf Nurkic,2020-21,31,1.419,29,1.207,2185
445,Michael Kidd-Gilchrist,2018-19,31,1.276,27,0.963,2430
446,DeMarcus Cousins,2014-15,31,0.775,30,1.000,4000
447,Nikola Vucevic,2014-15,31,0.629,29,1.069,4926
448,Drew Eubanks,2020-21,31,1.971,29,0.828,1573
449,Robin Lopez,2015-16,31,0.729,29,1.333,4250
450,David West,2015-16,31,1.009,28,1.286,3071
451,Ersan Ilyasova,2014-15,31,1.094,28,0.929,2834
452,Kendrick Perkins,2014-15,31,1.348,31,1.000,2300
453,Harrison Barnes,2015-16,31,0.547,27,0.889,5663
454,Miles Bridges,2018-19,31,0.892,29,0.483,3476
455,Joffrey Lauvergne,2015-16,31,1.505,28,1.250,2060
456,Mirza Teletovic,2015-16,31,0.894,27,0.889,3467
457,Chris Bosh,2013-14,31,0.518,28,0.607,5989
458,Anthony Davis,2013-14,30,0.659,27,0.519,4552
459,Jarrett Allen,2018-19,30,0.646,29,0.931,4646
460,Kevon Looney,2019-20,30,5.607,27,0.519,535
461,LeBron James,2017-18,30,0.380,28,0.786,7899
462,Greg Monroe,2015-16,30,0.662,28,1.000,4530
463,Marvin Bagley III,2019-20,30,4.380,29,1.241,685
464,Chris Andersen,2013-14,30,0.943,27,0.963,3181
465,Juan Toscano-Anderson,2020-21,30,1.218,28,1.000,2463
466,Devonte' Graham,2020-21,30,0.889,29,0.828,3373
467,Semi Ojeleye,2020-21,30,1.529,29,0.931,1962
468,Onyeka Okongwu,2020-21,30,1.918,29,0.897,1564
469,Trevor Booker,2016-17,30,0.828,28,1.357,3623
470,Marcin Gortat,2014-15,30,0.555,28,0.571,5403
471,Nikola Mirotic,2017-18,30,0.791,30,0.700,3792
472,Tristan Thompson,2018-19,30,1.265,29,1.069,2371
473,Nikola Vucevic,2020-21,30,0.630,29,1.276,4764
474,Rudy Gay,2019-20,30,0.997,30,0.833,3009
475,Ersan Ilyasova,2017-18,30,0.748,29,0.862,4012
476,Pau Gasol,2014-15,30,0.518,29,0.552,5797
477,Carmelo Anthony,2020-21,30,0.815,30,1.400,3680
478,Taj Gibson,2016-17,30,0.717,28,0.893,4187
479,Oshae Brissett,2020-21,30,2.338,28,0.857,1283
480,Taj Gibson,2014-15,30,0.801,27,1.000,3743
481,Dewayne Dedmon,2019-20,30,1.902,30,1.267,1577
482,Kosta Koufos,2018-19,29,2.680,28,0.893,1082
483,Trey Lyles,2018-19,29,1.266,24,0.500,2291
484,Nerlens Noel,2016-17,29,1.388,26,1.115,2089
485,Kosta Koufos,2015-16,29,0.967,26,1.346,2998
486,Marreese Speights,2015-16,29,1.400,28,0.786,2072
487,Enes Freedom,2020-21,29,0.794,27,0.704,3652
488,Ian Mahinmi,2018-19,29,2.888,26,1.038,1004
489,Tim Duncan,2014-15,29,0.606,29,0.828,4787
490,Steven Adams,2019-20,29,0.751,25,1.080,3859
491,OG Anunoby,2020-21,29,0.992,27,0.667,2924
492,Derrick Favors,2015-16,29,0.778,28,0.750,3726
493,Karl-Anthony Towns,2016-17,29,0.488,27,0.556,5938
494,Carmelo Anthony,2013-14,29,0.523,25,0.720,5547
495,Danuel House Jr.,2019-20,29,0.624,28,0.929,4650
496,Stanley Johnson,2020-21,29,1.390,29,0.897,2087
497,Ed Davis,2015-16,28,0.753,25,0.560,3719
498,Marcus Morris Sr.,2017-18,28,0.725,27,0.778,3862
499,Aron Baynes,2014-15,28,1.217,26,0.808,2301
500,Daniel Gafford,2020-21,28,1.379,26,0.923,2031
501,Dirk Nowitzki,2013-14,28,0.503,26,1.038,5567
502,Chris Bosh,2015-16,28,0.824,28,0.643,3399
503,Giannis Antetokounmpo,2016-17,28,0.468,25,0.840,5985
504,Aron Baynes,2016-17,28,1.220,24,1.083,2295
505,Hassan Whiteside,2019-20,28,0.641,26,1.385,4370
506,Wendell Carter Jr.,2019-20,28,1.081,27,1.185,2590
507,Harrison Barnes,2016-17,28,0.532,26,1.154,5261
508,Jerami Grant,2014-15,28,1.014,27,0.926,2760
509,Nemanja Bjelica,2019-20,28,0.690,25,0.720,4059
510,Cheick Diallo,2019-20,28,2.837,25,1.231,987
511,Pascal Siakam,2017-18,28,0.760,25,0.600,3683
512,Giannis Antetokounmpo,2018-19,28,0.458,26,1.231,6111
513,Brandan Wright,2013-14,28,1.259,25,0.560,2224
514,Eric Paschall,2019-20,28,0.819,27,1.370,3419
515,Ryan Anderson,2015-16,28,0.694,28,0.643,4034
516,Tyler Zeller,2017-18,27,1.178,27,1.074,2292
517,Amir Johnson,2015-16,27,0.699,25,1.040,3865
518,Ian Mahinmi,2016-17,27,2.193,23,1.083,1231
519,Channing Frye,2015-16,27,1.000,25,0.462,2701
520,Kris Humphries,2015-16,27,1.484,23,0.609,1819
521,Zach Randolph,2016-17,27,0.734,25,0.680,3678
522,Mirza Teletovic,2013-14,27,0.900,22,0.955,2999
523,Trey Lyles,2017-18,27,0.975,26,0.577,2768
524,Paul Millsap,2016-17,27,0.525,27,0.963,5145
525,Tony Bradley,2019-20,27,1.854,26,0.963,1456
526,Alex Len,2019-20,27,1.312,26,0.731,2058
527,Rudy Gobert,2019-20,27,0.513,27,0.889,5268
528,Brandan Wright,2014-15,27,0.944,26,0.885,2859
529,Robin Lopez,2020-21,27,0.884,25,1.280,3053
530,Andre Iguodala,2020-21,27,0.964,26,0.923,2802
531,Boris Diaw,2016-17,27,0.965,25,0.760,2799
532,Brook Lopez,2014-15,26,0.581,26,0.692,4475
533,Jahlil Okafor,2015-16,26,0.832,25,1.160,3125
534,John Henson,2019-20,26,2.131,24,0.750,1220
535,Jonah Bolden,2018-19,26,1.717,24,1.042,1514
536,David Lee,2014-15,26,1.278,23,0.583,2034
537,Joel Embiid,2016-17,26,1.640,24,0.500,1585
538,Rudy Gobert,2017-18,26,0.593,24,0.583,4387
539,Kevin Durant,2017-18,26,0.401,26,0.615,6479
540,Jae Crowder,2020-21,26,0.540,25,1.360,4816
541,Tyler Cook,2020-21,26,2.941,26,0.731,884
542,Kawhi Leonard,2020-21,26,0.594,26,1.231,4377
543,Trevor Ariza,2020-21,26,1.368,26,0.615,1900
544,Robin Lopez,2013-14,26,0.446,26,0.615,5825
545,Timofey Mozgov,2016-17,26,1.170,24,1.042,2223
546,Frank Kaminsky,2020-21,26,1.650,24,0.750,1576
547,Brandon Clarke,2019-20,26,0.907,26,1.077,2867
548,Kosta Koufos,2016-17,26,0.943,25,0.920,2758
549,Lauri Markkanen,2019-20,26,0.841,25,1.200,3091
550,James Harden,2017-18,26,0.410,24,0.667,6347
551,Kenneth Faried,2014-15,25,0.604,24,1.083,4136
552,Darrell Arthur,2016-17,25,1.943,24,0.792,1287
553,Alex Len,2017-18,25,0.858,23,0.826,2913
554,Anthony Davis,2014-15,25,0.498,24,0.792,5022
555,Ian Mahinmi,2015-16,25,0.626,24,1.125,3995
556,Gorgui Dieng,2014-15,25,0.585,23,1.130,4273
557,Davis Bertans,2019-20,25,0.733,24,0.958,3410
558,Marreese Speights,2014-15,25,0.957,24,0.833,2611
559,Ersan Ilyasova,2016-17,25,0.547,23,0.696,4569
560,Marvin Williams,2019-20,25,0.940,24,1.250,2660
561,Alan Williams,2016-17,25,1.721,23,1.087,1453
562,Rudy Gobert,2015-16,25,0.690,24,0.542,3625
563,Ian Mahinmi,2019-20,25,1.482,24,0.708,1687
564,Darrell Arthur,2015-16,25,0.832,24,0.583,3005
565,Marc Gasol,2020-21,25,1.145,24,0.708,2183
566,Mitchell Robinson,2020-21,25,1.490,23,0.913,1678
567,Domantas Sabonis,2019-20,25,0.574,21,0.762,4354
568,Lavoy Allen,2013-14,25,1.126,25,0.880,2221
569,Al-Farouq Aminu,2018-19,25,0.450,24,0.458,5556
570,Thaddeus Young,2015-16,25,0.527,24,0.708,4740
571,Marc Gasol,2014-15,25,0.424,24,1.375,5894
572,Harrison Barnes,2020-21,25,0.574,24,1.542,4353
573,Mikal Bridges,2019-20,24,0.567,18,0.722,4230
574,Paul Millsap,2019-20,24,0.714,20,0.750,3359
575,Andrew Bogut,2014-15,24,0.594,22,0.864,4040
576,Marcin Gortat,2013-14,24,0.416,20,1.000,5768
577,Robert Sacre,2014-15,24,1.091,22,0.818,2199
578,Isaiah Hartenstein,2020-21,24,2.120,23,1.130,1132
579,Zion Williamson,2020-21,24,0.565,23,0.696,4248
580,Willie Reed,2017-18,24,2.685,24,0.958,894
581,Isaiah Roby,2020-21,24,0.803,21,1.286,2988
582,Markieff Morris,2014-15,24,0.469,22,1.273,5121
583,Brandan Wright,2017-18,24,3.217,23,0.826,746
584,Cole Aldrich,2015-16,24,1.397,23,0.826,1718
585,Jason Smith,2017-18,24,4.089,23,1.043,587
586,Kevin Garnett,2013-14,24,0.972,21,0.810,2470
587,Jusuf Nurkic,2019-20,24,2.516,24,1.417,954
588,Mike Muscala,2016-17,24,0.912,21,1.045,2632
589,Thaddeus Young,2018-19,24,0.457,22,0.500,5250
590,Zaza Pachulia,2015-16,24,0.591,23,1.130,4061
591,Dwight Howard,2017-18,24,0.480,23,0.783,5002
592,Wilson Chandler,2019-20,24,1.556,23,0.833,1542
593,Enes Freedom,2019-20,24,1.093,24,1.292,2196
594,Ante Zizic,2017-18,24,5.021,23,1.043,478
595,Boban Marjanovic,2015-16,24,2.297,21,1.048,1045
596,Kyle Kuzma,2019-20,24,0.573,21,0.909,4187
597,Larry Nance Jr.,2019-20,24,0.805,24,1.083,2980
598,Miles Bridges,2019-20,24,0.612,21,0.905,3922
599,Omer Asik,2014-15,23,0.589,23,1.174,3907
600,Mason Plumlee,2014-15,23,0.672,19,0.895,3423
601,Enes Freedom,2014-15,23,0.562,22,1.318,4093
602,Paul Millsap,2013-14,23,0.434,21,0.619,5294
603,Andre Drummond,2014-15,23,0.479,22,0.864,4805
604,Roy Hibbert,2015-16,23,0.617,22,0.909,3728
605,LeBron James,2016-17,23,0.328,21,0.714,7020
606,JaMychal Green,2015-16,23,0.767,22,0.864,2997
607,Jabari Parker,2019-20,23,1.172,21,1.000,1963
608,Jimmy Butler,2020-21,23,0.604,19,0.684,3808
609,Dwight Howard,2016-17,23,0.488,22,1.045,4712
610,Deyonta Davis,2017-18,23,1.212,21,0.905,1898
611,Tyler Hansbrough,2014-15,23,1.096,19,0.737,2099
612,Jakob Poeltl,2019-20,23,0.941,19,0.947,2444
613,Jaxson Hayes,2020-21,23,1.136,22,1.091,2024
614,Derrick Favors,2019-20,23,0.867,22,0.545,2652
615,David Lee,2015-16,23,1.236,23,0.652,1861
616,JaMychal Green,2017-18,23,0.771,21,1.000,2985
617,Sam Dekker,2016-17,23,0.769,21,1.286,2992
618,Chris Andersen,2014-15,23,1.108,22,0.864,2075
619,Anzejs Pasecniks,2019-20,23,2.511,23,1.217,916
620,Ivica Zubac,2017-18,23,2.771,20,0.700,830
621,Joel Embiid,2019-20,22,0.653,20,1.050,3371
622,Jahlil Okafor,2020-21,22,3.112,21,1.000,707
623,Amar'e Stoudemire,2014-15,22,0.887,21,0.857,2480
624,Wilson Chandler,2016-17,22,0.502,21,0.952,4385
625,Ben Simmons,2017-18,22,0.347,21,0.762,6345
626,Kristaps Porzingis,2015-16,22,0.559,21,0.571,3939
627,Aron Baynes,2018-19,22,1.129,20,0.800,1948
628,Kevin Durant,2020-21,22,0.645,22,0.682,3413
629,KZ Okpala,2020-21,22,2.458,20,0.850,895
630,Boris Diaw,2015-16,22,0.724,18,0.833,3039
631,Steven Adams,2013-14,22,0.737,20,1.150,2987
632,Ivica Zubac,2019-20,22,0.648,22,0.909,3395
633,Patrick Patterson,2018-19,22,1.220,18,1.000,1804
634,Jaxson Hayes,2019-20,22,0.933,22,1.045,2359
635,Jayson Tatum,2019-20,22,0.366,21,1.000,6009
636,Jonas Valanciunas,2016-17,22,0.502,19,0.842,4384
637,Moritz Wagner,2018-19,22,2.323,21,0.905,947
638,Jarrett Allen,2017-18,22,0.769,22,1.000,2859
639,Dewayne Dedmon,2017-18,22,0.716,21,0.571,3071
640,Tyler Zeller,2015-16,21,1.383,21,0.429,1518
641,Eric Moreland,2017-18,21,1.348,20,0.700,1558
642,Tyler Zeller,2014-15,21,0.576,20,1.000,3644
643,Gorgui Dieng,2017-18,21,0.743,20,0.850,2826
644,Omari Spellman,2018-19,21,1.213,21,0.857,1731
645,Harrison Barnes,2013-14,21,0.453,19,0.737,4638
646,Tim Duncan,2013-14,21,0.372,20,1.100,5644
647,Darrell Arthur,2014-15,21,1.056,19,1.421,1989
648,Ed Davis,2014-15,21,0.587,18,0.500,3575
649,Udonis Haslem,2014-15,21,1.128,18,0.611,1861
650,Rondae Hollis-Jefferson,2018-19,21,0.763,20,0.905,2754
651,Luc Mbah a Moute,2014-15,21,0.560,20,0.950,3749
652,Taj Gibson,2018-19,21,0.598,17,0.882,3510
653,JaVale McGee,2020-21,21,1.438,21,0.762,1460
654,Admiral Schofield,2019-20,21,2.767,21,0.952,759
655,Shawn Marion,2013-14,21,0.411,19,1.105,5111
656,Jerami Grant,2015-16,21,0.499,20,0.900,4211
657,Jon Leuer,2015-16,21,0.815,20,0.900,2577
658,Channing Frye,2017-18,21,1.480,20,0.650,1419
659,Nerlens Noel,2017-18,21,2.208,20,0.950,951
660,Bojan Bogdanovic,2015-16,21,0.502,20,0.900,4184
661,Jae Crowder,2017-18,21,0.429,19,0.632,4899
662,Dante Cunningham,2017-18,21,0.645,18,1.222,3257
663,Samuel Dalembert,2013-14,21,0.620,20,1.450,3389
664,Marc Gasol,2013-14,21,0.500,19,0.895,4200
665,Kenyon Martin,2013-14,21,1.778,21,0.714,1181
666,Harrison Barnes,2018-19,21,0.396,21,0.667,5301
667,Bobby Portis,2015-16,21,0.964,21,0.714,2178
668,Zaza Pachulia,2018-19,21,1.161,17,1.059,1809
669,Jordan Hill,2014-15,21,0.572,20,0.850,3671
670,Thaddeus Young,2020-21,21,0.627,20,1.100,3349
671,Jabari Parker,2015-16,21,0.444,18,0.737,4733
672,Brook Lopez,2019-20,21,0.461,21,0.667,4554
673,Marcus Smart,2019-20,21,0.399,21,1.048,5268
674,Rondae Hollis-Jefferson,2017-18,20,0.520,20,0.850,3844
675,Marc Gasol,2015-16,20,0.586,18,0.833,3413
676,Rudy Gobert,2018-19,20,0.359,19,1.000,5574
677,Patrick Patterson,2019-20,20,1.197,18,0.500,1671
678,Jason Smith,2016-17,20,0.816,18,0.500,2452
679,Danilo Gallinari,2020-21,20,0.602,17,1.176,3320
680,Omer Asik,2015-16,20,0.857,19,1.053,2333
681,Amir Johnson,2013-14,20,0.449,20,1.050,4458
682,Brandon Clarke,2020-21,20,0.675,18,1.167,2965
683,Marcin Gortat,2018-19,20,1.304,17,1.353,1534
684,Andrew Bogut,2018-19,20,3.115,16,0.647,642
685,Joe Johnson,2017-18,20,0.802,18,1.000,2493
686,Mason Plumlee,2013-14,20,0.763,18,0.500,2622
687,Kris Humphries,2014-15,20,0.769,19,0.842,2602
688,JaMychal Green,2020-21,20,0.776,18,0.500,2576
689,Jarell Martin,2017-18,20,0.610,17,0.529,3279
690,Quincy Acy,2015-16,20,1.116,19,1.421,1792
691,Al-Farouq Aminu,2017-18,20,0.450,18,1.222,4441
692,Trevor Booker,2015-16,20,0.644,19,0.789,3105
693,Paul Millsap,2015-16,20,0.332,19,0.579,6024
694,Tobias Harris,2014-15,20,0.438,19,1.158,4568
695,Thanasis Antetokounmpo,2020-21,20,1.548,20,1.000,1292
696,Meyers Leonard,2015-16,20,0.770,19,0.947,2598
697,David Lee,2013-14,20,0.408,19,0.526,4896
698,Lauri Markkanen,2017-18,20,0.487,18,1.111,4106
699,Rudy Gobert,2014-15,20,0.494,19,0.947,4047
700,Omer Asik,2013-14,20,0.878,20,1.150,2277
701,Luol Deng,2015-16,20,0.356,17,0.647,5624
702,Russell Westbrook,2019-20,20,0.400,19,0.737,5003
703,Zach Randolph,2017-18,19,0.645,16,1.250,2946
704,Giannis Antetokounmpo,2015-16,19,0.343,17,0.824,5533
705,Paul Millsap,2020-21,19,0.759,16,0.625,2504
706,Spencer Hawes,2014-15,19,0.726,18,0.500,2616
707,Trey Lyles,2019-20,19,0.734,19,1.158,2589
708,Jason Thompson,2013-14,19,0.496,16,0.688,3829
709,Blake Griffin,2015-16,19,0.736,15,1.000,2581
710,Kelan Martin,2020-21,19,2.458,15,1.267,773
711,Kevin Love,2014-15,19,0.381,15,0.733,4985
712,Jayson Tatum,2020-21,19,0.372,18,0.667,5105
713,Jonas Valanciunas,2013-14,19,0.408,17,0.824,4654
714,Mfiondu Kabengele,2020-21,19,3.270,19,0.737,581
715,Nicolo Melli,2019-20,19,0.866,17,0.588,2194
716,DeMarcus Cousins,2013-14,19,0.432,19,0.474,4402
717,Dante Cunningham,2016-17,19,0.566,19,1.053,3354
718,Luc Mbah a Moute,2017-18,19,0.551,19,0.684,3446
719,Alex Len,2020-21,19,0.832,19,0.737,2284
720,Trevor Booker,2017-18,19,0.773,19,0.421,2457
721,Jared Sullinger,2014-15,19,0.585,17,1.353,3246
722,Jaren Jackson Jr.,2018-19,19,0.639,18,0.944,2974
723,Joffrey Lauvergne,2016-17,19,0.951,18,0.444,1997
724,Nikola Mirotic,2016-17,19,0.524,18,1.500,3625
725,Jason Thompson,2014-15,19,0.486,18,0.833,3912
726,Taj Gibson,2020-21,19,0.895,17,0.941,2122
727,Kyle Anderson,2020-21,19,0.434,18,1.167,4377
728,Juwan Morgan,2020-21,19,5.956,19,0.947,319
729,JaKarr Sampson,2020-21,19,2.774,15,0.800,685
730,Paul George,2020-21,19,0.371,18,0.722,5120
731,Glen Davis,2014-15,19,0.917,18,0.722,2073
732,Marcus Morris Sr.,2019-20,19,0.403,17,0.941,4712
733,David West,2013-14,19,0.319,18,0.833,5965
734,Shawne Williams,2014-15,19,0.965,18,1.111,1968
735,Taj Gibson,2015-16,18,0.471,16,0.938,3821
736,Pero Antic,2014-15,18,0.736,18,0.611,2444
737,Thabo Sefolosha,2019-20,18,1.929,17,1.176,933
738,Tiago Splitter,2013-14,18,0.512,17,0.529,3519
739,Thon Maker,2016-17,18,1.385,16,0.438,1300
740,Gordon Hayward,2019-20,18,0.457,17,1.235,3935
741,Lou Amundson,2015-16,18,4.580,17,0.471,393
742,Derrick Favors,2014-15,18,0.422,16,0.438,4263
743,Kelly Olynyk,2018-19,18,0.493,17,0.824,3654
744,Troy Brown Jr.,2019-20,18,0.477,15,0.467,3776
745,Semi Ojeleye,2019-20,18,0.778,17,0.941,2314
746,Joakim Noah,2015-16,18,1.411,15,1.333,1276
747,Dario Saric,2018-19,18,0.428,17,0.941,4206
748,Danuel House Jr.,2020-21,18,0.928,17,1.235,1940
749,Timofey Mozgov,2013-14,18,0.501,18,0.833,3593
750,Harrison Barnes,2019-20,18,0.352,16,0.813,5116
751,Marvin Williams,2016-17,18,0.399,16,0.500,4515
752,Justin Hamilton,2016-17,18,0.748,18,1.556,2407
753,Ivica Zubac,2016-17,18,1.421,18,1.444,1267
754,Terrence Jones,2015-16,18,0.851,17,0.824,2114
755,Lucas Nogueira,2017-18,17,1.921,13,1.154,885
756,Sekou Doumbouya,2020-21,17,0.972,17,1.118,1749
757,Vernon Carey Jr.,2020-21,17,7.025,17,1.176,242
758,Tarik Black,2015-16,17,1.767,14,1.143,962
759,Goga Bitadze,2020-21,17,1.333,17,1.529,1275
760,Jae Crowder,2016-17,17,0.291,16,1.438,5843
761,Thaddeus Young,2019-20,17,0.512,17,0.824,3322
762,Carmelo Anthony,2018-19,17,2.862,16,0.938,594
763,Andre Iguodala,2019-20,17,0.995,14,0.867,1708
764,LeBron James,2014-15,17,0.270,17,1.471,6285
765,Noah Vonleh,2017-18,17,0.973,17,1.000,1748
766,John Henson,2016-17,17,0.776,17,1.471,2192
767,Julius Randle,2015-16,17,0.374,16,0.875,4540
768,Amir Johnson,2014-15,17,0.419,17,1.059,4057
769,Kelly Olynyk,2017-18,17,0.457,16,1.294,3717
770,Tyson Chandler,2017-18,17,0.723,16,1.125,2352
771,Zach Collins,2018-19,17,0.517,17,1.471,3291
772,Alexis Ajinca,2015-16,17,0.988,15,1.000,1720
773,Marvin Williams,2013-14,17,0.538,16,0.375,3158
774,Lance Thomas,2018-19,17,1.057,14,0.643,1609
775,Rondae Hollis-Jefferson,2016-17,17,0.456,17,0.941,3726
776,Jimmy Butler,2019-20,17,0.308,16,0.438,5520
777,Salah Mejri,2018-19,17,2.083,17,1.412,816
778,Jaren Jackson Jr.,2020-21,17,1.874,17,0.882,907
779,LeBron James,2019-20,17,0.269,15,0.933,6330
780,Robin Lopez,2014-15,17,0.498,17,0.706,3416
781,Andre Drummond,2015-16,17,0.310,14,1.143,5481
782,Justise Winslow,2015-16,17,0.341,16,0.625,4986
783,Jason Thompson,2015-16,17,1.647,17,0.647,1032
784,Jared Sullinger,2013-14,17,0.434,16,0.688,3919
785,Al-Farouq Aminu,2014-15,17,0.558,16,0.438,3049
786,Thaddeus Young,2016-17,17,0.361,17,1.235,4714
787,Kelly Olynyk,2015-16,17,0.596,15,1.000,2853
788,Thon Maker,2019-20,17,1.100,14,1.429,1545
789,Marquese Chriss,2017-18,17,0.534,15,0.800,3181
790,Terry Rozier,2020-21,17,0.345,15,0.600,4930
791,Jan Vesely,2013-14,17,1.125,17,0.882,1511
792,Harrison Barnes,2017-18,17,0.326,15,0.933,5214
793,Jonas Valanciunas,2019-20,17,0.426,17,1.000,3986
794,Gordon Hayward,2018-19,16,0.362,15,0.733,4414
795,Aron Baynes,2015-16,16,0.643,13,0.769,2488
796,Rudy Gay,2020-21,16,0.564,16,1.500,2835
797,LaMelo Ball,2020-21,16,0.510,16,0.938,3135
798,Cameron Johnson,2020-21,16,0.428,14,0.857,3737
799,Carmelo Anthony,2019-20,16,0.370,15,0.667,4327
800,Tiago Splitter,2014-15,16,0.712,15,0.400,2246
801,Patrick Patterson,2014-15,16,0.370,16,1.313,4330
802,Reggie Evans,2013-14,16,0.938,15,1.067,1706
803,Dean Wade,2020-21,16,0.658,16,1.375,2432
804,James Johnson,2019-20,16,1.208,15,1.467,1325
805,Furkan Aldemir,2014-15,16,1.524,14,1.143,1050
806,Brandan Wright,2016-17,16,1.845,14,0.429,867
807,Alexis Ajinca,2013-14,16,0.888,14,0.643,1802
808,Josh McRoberts,2015-16,16,1.142,15,1.467,1401
809,Jerami Grant,2020-21,16,0.431,15,0.733,3712
810,Aron Baynes,2020-21,16,0.796,13,1.308,2011
811,Kyle Lowry,2019-20,16,0.307,14,0.786,5220
812,Joffrey Lauvergne,2017-18,16,1.469,14,1.143,1089
813,James Michael McAdoo,2015-16,16,2.632,16,0.625,608
814,Dirk Nowitzki,2017-18,16,0.427,16,0.938,3748
815,Zach Randolph,2015-16,16,0.395,15,0.267,4046
816,Frank Kaminsky,2016-17,16,0.413,15,0.933,3875
817,Marreese Speights,2013-14,16,0.771,16,1.063,2076
818,Willy Hernangomez,2019-20,16,2.204,14,0.786,726
819,Channing Frye,2013-14,15,0.330,15,1.133,4549
820,P.J. Tucker,2016-17,15,0.307,14,1.286,4883
821,Dirk Nowitzki,2014-15,15,0.312,13,1.000,4803
822,Karl-Anthony Towns,2019-20,15,0.595,13,0.923,2522
823,Ed Davis,2016-17,15,0.941,15,0.533,1594
824,Quincy Acy,2013-14,15,0.911,14,1.000,1647
825,Omri Casspi,2013-14,15,0.579,14,0.571,2590
826,Derrick Favors,2020-21,15,0.619,14,0.643,2422
827,Noah Vonleh,2019-20,15,1.852,13,1.538,810
828,Jayson Tatum,2018-19,15,0.266,12,1.000,5644
829,Greg Monroe,2013-14,15,0.284,14,0.857,5279
830,Michael Beasley,2018-19,15,2.600,14,1.071,577
831,Jeremy Tyler,2013-14,15,1.974,14,1.071,760
832,Ante Zizic,2018-19,15,0.685,14,0.857,2190
833,Cody Zeller,2015-16,15,0.396,14,1.000,3787
834,Dante Cunningham,2015-16,15,0.379,15,1.067,3961
835,Tyson Chandler,2018-19,15,0.801,15,0.600,1872
836,Kelly Oubre Jr.,2020-21,15,0.417,13,1.231,3597
837,Jarred Vanderbilt,2020-21,15,0.622,14,1.000,2410
838,Saddiq Bey,2020-21,15,0.387,14,1.357,3873
839,Kosta Koufos,2014-15,15,0.532,15,0.467,2820
840,Skal Labissiere,2017-18,15,0.609,15,0.667,2463
841,Domantas Sabonis,2016-17,15,0.461,15,1.000,3253
842,Wenyen Gabriel,2019-20,15,2.427,11,1.182,618
843,Juwan Morgan,2019-20,15,3.341,15,1.133,449
844,James Johnson,2020-21,15,0.688,11,0.364,2181
845,Donatas Motiejunas,2016-17,15,1.520,15,0.800,987
846,Sam Dekker,2017-18,15,0.819,15,1.000,1831
847,Cameron Oliver,2020-21,15,8.242,15,0.933,182
848,Darius Bazley,2019-20,15,0.578,14,1.071,2596
849,Al Horford,2013-14,15,0.800,14,1.071,1874
850,  Nene,2014-15,15,0.398,13,1.077,3766
851,Buddy Hield,2020-21,15,0.297,14,0.929,5045
852,Darrell Arthur,2013-14,15,0.641,15,1.200,2341
853,Joe Harris,2020-21,15,0.284,14,0.857,5288
854,Caleb Swanigan,2019-20,15,2.521,13,1.071,595
855,Luke Kornet,2020-21,15,2.046,14,0.800,733
856,Kris Humphries,2016-17,15,1.095,15,1.000,1370
857,Kevin Seraphin,2015-16,14,1.353,14,0.929,1035
858,Greg Monroe,2014-15,14,0.340,14,0.714,4114
859,David Nwaba,2018-19,14,0.716,13,1.154,1954
860,Khem Birch,2020-21,14,0.449,13,1.231,3117
861,Wilson Chandler,2017-18,14,0.299,14,1.214,4686
862,Kyle O'Quinn,2014-15,14,0.882,13,0.538,1587
863,Richard Jefferson,2016-17,14,0.392,14,0.714,3568
864,Tobias Harris,2020-21,14,0.277,13,0.846,5046
865,T.J. Leaf,2018-19,14,1.249,11,0.727,1121
866,Ivan Rabb,2017-18,14,1.358,14,0.571,1031
867,Zach Randolph,2014-15,14,0.276,13,0.692,5071
868,Quincy Acy,2017-18,14,0.524,14,0.714,2672
869,Dante Cunningham,2013-14,14,0.429,12,0.417,3260
870,Darius Bazley,2020-21,14,0.390,14,1.000,3589
871,Jason Smith,2013-14,14,0.876,13,1.000,1598
872,Elton Brand,2013-14,14,0.486,14,0.429,2879
873,Freddie Gillespie,2020-21,14,1.770,14,1.214,791
874,Nikola Mirotic,2014-15,14,0.403,14,0.857,3470
875,Nemanja Bjelica,2016-17,14,0.597,14,0.857,2344
876,  Nene,2013-14,14,0.387,12,0.917,3622
877,Alexis Ajinca,2016-17,14,1.183,14,1.071,1183
878,Zaza Pachulia,2014-15,14,0.396,12,0.667,3539
879,Sam Dekker,2018-19,14,0.876,13,0.615,1598
880,Solomon Hill,2016-17,14,0.288,12,0.500,4857
881,Jordan Hill,2015-16,14,0.469,14,1.214,2988
882,Mitch McGary,2014-15,14,1.410,14,0.429,993
883,Kevin Love,2018-19,14,1.144,14,0.429,1224
884,Wayne Selden,2018-19,14,0.476,14,1.500,2939
885,Nathan Knight,2020-21,14,2.385,14,0.786,587
886,Mamadi Diakite,2020-21,14,3.675,14,0.500,381
887,Davis Bertans,2016-17,14,0.774,12,1.083,1808
888,Rudy Gay,2014-15,14,0.292,11,1.182,4790
889,Brad Wanamaker,2019-20,14,0.415,11,1.091,3373
890,Michael Beasley,2016-17,14,0.726,14,0.857,1929
891,Jaylen Brown,2018-19,14,0.305,14,1.643,4593
892,Eric Gordon,2018-19,14,0.270,13,1.077,5191
893,Robert Williams III,2018-19,14,2.247,14,1.714,623
894,Robert Williams III,2019-20,14,1.262,12,0.667,1109
895,Donatas Motiejunas,2013-14,14,0.722,12,0.583,1939
896,John Collins,2017-18,14,0.396,13,1.214,3537
897,Paul Millsap,2017-18,14,0.613,11,1.000,2283
898,Pascal Siakam,2016-17,14,0.842,12,0.250,1662
899,Derrick Williams,2016-17,14,0.852,13,0.692,1643
900,Otto Porter Jr.,2016-17,14,0.229,14,1.429,6125
901,Jose Calderon,2013-14,14,0.271,14,0.786,5164
902,Jonas Jerebko,2017-18,14,0.586,14,1.000,2389
903,Tyler Zeller,2013-14,14,0.691,14,1.429,2026
904,Andre Iguodala,2016-17,14,0.281,12,0.583,4975
905,Tristan Thompson,2013-14,14,0.283,13,0.615,4949
906,Kevin Love,2013-14,14,0.245,14,0.857,5721
907,Alexis Ajinca,2014-15,14,0.770,11,0.727,1819
908,LaMarcus Aldridge,2020-21,14,1.020,14,1.286,1373
909,Johnathan Motley,2017-18,14,4.154,12,1.000,337
910,Chris Bosh,2014-15,14,0.483,12,0.750,2897
911,Markieff Morris,2019-20,13,0.410,13,1.308,3173
912,Hassan Whiteside,2020-21,13,1.141,11,1.182,1139
913,Tyler Zeller,2016-17,13,1.078,12,0.417,1206
914,Tobias Harris,2016-17,13,0.258,13,0.692,5045
915,Semi Ojeleye,2017-18,13,0.479,11,1.000,2716
916,Marshall Plumlee,2016-17,13,3.824,13,1.308,340
917,Willy Hernangomez,2020-21,13,0.730,10,0.900,1781
918,Alen Smailagic,2019-20,13,4.561,12,0.167,285
919,Derrick Jones Jr.,2019-20,13,0.431,11,1.091,3013
920,Tony Bradley,2020-21,13,0.920,13,0.692,1413
921,JJ Hickson,2015-16,13,1.477,12,0.667,880
922,Brandon Bass,2016-17,13,1.138,10,1.400,1142
923,Klay Thompson,2017-18,13,0.192,13,0.769,6766
924,Drew Eubanks,2019-20,13,2.203,11,1.364,590
925,Nick Collison,2013-14,13,0.434,12,1.250,2996
926,Nemanja Bjelica,2018-19,13,0.338,13,1.000,3844
927,Jarell Martin,2016-17,13,1.162,11,1.000,1119
928,Ivan Rabb,2018-19,13,0.901,11,1.000,1443
929,Derrick Williams,2014-15,13,0.444,13,0.462,2929
930,James Ennis III,2018-19,13,0.434,11,0.364,2994
931,Enes Freedom,2013-14,13,0.323,12,0.833,4020
932,Greg Stiemsma,2013-14,13,0.682,11,1.182,1906
933,Harry Giles III,2020-21,13,1.776,12,1.000,732
934,Bruce Brown,2020-21,13,0.367,12,0.917,3538
935,DeJuan Blair,2013-14,13,0.504,12,1.083,2579
936,Markieff Morris,2013-14,13,0.305,12,0.667,4267
937,Jeremy Lamb,2018-19,13,0.285,13,1.154,4569
938,Torrey Craig,2020-21,13,0.603,12,0.833,2155
939,Cole Aldrich,2016-17,13,1.233,12,1.000,1054
940,Robert Sacre,2013-14,13,0.578,12,0.667,2248
941,Kawhi Leonard,2019-20,13,0.268,13,0.692,4842
942,Luke Kornet,2019-20,13,1.135,13,0.692,1145
943,Michael Beasley,2014-15,13,1.325,12,0.417,981
944,Lucas Nogueira,2016-17,13,0.617,10,1.200,2108
945,Aaron Gordon,2017-18,13,0.331,12,0.667,3924
946,Marcus Smart,2017-18,13,0.327,10,0.636,3973
947,Trey Lyles,2015-16,13,0.503,12,1.167,2586
948,James Harden,2016-17,13,0.188,11,0.545,6911
949,Nicolas Batum,2018-19,13,0.271,13,1.000,4804
950,Kelly Olynyk,2019-20,13,0.409,12,1.417,3179
951,Thomas Bryant,2020-21,13,2.181,12,0.833,596
952,Jonas Valanciunas,2020-21,13,0.316,11,1.000,4113
953,James Johnson,2017-18,13,0.313,13,0.923,4151
954,Dakari Johnson,2017-18,13,4.514,13,0.846,288
955,Monta Ellis,2013-14,13,0.204,12,1.000,6371
956,Rudy Gobert,2020-21,13,0.248,12,1.167,5242
957,Pero Antic,2013-14,13,0.632,12,0.917,2057
958,Marcus Smart,2020-21,13,0.349,11,0.818,3721
959,Josh Hart,2018-19,13,0.352,12,0.615,3697
960,Ed Davis,2018-19,13,0.423,12,0.667,3070
961,Josh Jackson,2018-19,13,0.313,12,0.917,4157
962,Montrezl Harrell,2015-16,12,1.493,12,0.750,804
963,Chris Andersen,2016-17,12,5.357,11,0.909,224
964,James Johnson,2016-17,12,0.290,11,1.182,4135
965,Salah Mejri,2015-16,12,1.320,10,0.400,909
966,Otto Porter Jr.,2017-18,12,0.233,11,0.818,5154
967,Jason Smith,2014-15,12,0.358,12,1.000,3352
968,Otto Porter Jr.,2018-19,12,0.345,11,1.000,3482
969,Zach Randolph,2013-14,12,0.221,12,0.667,5429
970,Robert Covington,2015-16,12,0.311,11,1.273,3861
971,Tyler Hansbrough,2013-14,12,0.634,12,0.833,1892
972,Jared Dudley,2014-15,12,0.343,10,0.818,3497
973,Jonas Jerebko,2015-16,12,0.442,11,0.818,2715
974,Andre Iguodala,2018-19,12,0.263,10,0.900,4571
975,Gorgui Dieng,2013-14,12,0.742,10,1.400,1617
976,Gary Clark,2019-20,12,0.800,11,0.818,1500
977,Bismack Biyombo,2014-15,12,0.508,10,0.300,2361
978,Justin Patton,2020-21,12,2.330,10,0.800,515
979,Pat Connaughton,2020-21,12,0.270,12,0.833,4447
980,Quincy Acy,2014-15,12,0.495,10,0.200,2424
981,Thon Maker,2018-19,12,0.559,11,1.000,2147
982,Fred VanVleet,2019-20,12,0.247,12,0.750,4853
983,Gary Clark,2018-19,12,0.929,11,0.636,1292
984,Willie Reed,2015-16,12,1.430,12,1.250,839
985,Duncan Robinson,2020-21,12,0.255,12,1.333,4700
986,Michael Beasley,2013-14,12,0.739,11,1.364,1624
987,Jahlil Okafor,2019-20,12,1.222,12,1.083,982
988,Patrick Patterson,2015-16,12,0.248,12,1.083,4835
989,Kosta Koufos,2013-14,12,0.460,10,1.000,2609
990,Blake Griffin,2018-19,12,0.222,12,0.667,5409
991,Shane Battier,2013-14,12,0.379,12,0.500,3163
992,Cheick Diallo,2017-18,12,0.917,11,1.182,1309
993,Glenn Robinson III,2019-20,12,0.324,11,1.636,3699
994,Chase Budinger,2014-15,12,0.474,11,0.273,2534
995,Vince Carter,2018-19,12,0.417,11,0.636,2880
996,Isaac Bonga,2019-20,12,0.454,12,0.833,2646
997,Georgios Papagiannis,2016-17,12,1.732,12,0.750,693
998,Kelly Olynyk,2014-15,12,0.415,10,0.600,2895
999,Bojan Bogdanovic,2020-21,12,0.226,12,0.583,5311
1000,Kostas Papanikolaou,2014-15,12,0.764,12,0.500,1570
1001,Michael Beasley,2015-16,12,1.326,12,0.750,905
1002,P.J. Tucker,2015-16,12,0.234,12,0.667,5128
1003,Marc Gasol,2019-20,12,0.417,11,1.182,2876
1004,Nikola Vucevic,2013-14,12,0.341,12,0.750,3517
1005,Wesley Johnson,2015-16,12,0.345,11,0.727,3476
1006,Greg Smith,2014-15,12,1.678,12,1.167,715
1007,Nemanja Bjelica,2015-16,12,0.562,11,0.727,2136
1008,Joel Embiid,2020-21,12,0.299,11,1.455,4020
1009,Shaun Livingston,2016-17,12,0.381,12,0.750,3148
1010,Nikola Pekovic,2013-14,12,0.357,12,0.750,3366
1011,Klay Thompson,2018-19,12,0.166,12,0.917,7218
1012,Mike Scott,2020-21,12,0.656,10,0.700,1830
1013,Alex Len,2014-15,12,0.391,12,1.583,3071
1014,Lou Amundson,2014-15,12,0.679,12,0.750,1767
1015,Rashard Lewis,2013-14,12,0.502,11,0.727,2392
1016,Ersan Ilyasova,2015-16,12,0.321,12,0.833,3743
1017,Kyle Anderson,2019-20,12,0.415,10,1.400,2889
1018,Clint Capela,2014-15,12,2.614,12,0.750,459
1019,Nikola Mirotic,2018-19,12,0.361,12,0.917,3325
1020,Klay Thompson,2016-17,12,0.179,12,1.083,6686
1021,Festus Ezeli,2014-15,11,0.793,11,0.818,1388
1022,Georges Niang,2020-21,11,0.417,9,0.889,2641
1023,Brad Wanamaker,2020-21,11,0.508,11,1.182,2164
1024,Brandon Knight,2013-14,11,0.239,11,1.455,4603
1025,Carlos Boozer,2014-15,11,0.329,9,0.556,3342
1026,Josh Richardson,2018-19,11,0.214,11,1.273,5145
1027,Jonas Valanciunas,2014-15,11,0.260,11,0.818,4228
1028,Jeff Withey,2013-14,11,0.835,11,0.455,1318
1029,Deni Avdija,2020-21,11,0.404,11,1.091,2724
1030,Ben McLemore,2019-20,11,0.297,10,0.900,3709
1031,Derrick Favors,2013-14,11,0.264,11,1.364,4167
1032,Tobias Harris,2017-18,11,0.205,10,0.400,5363
1033,Mike Muscala,2015-16,11,0.889,11,1.091,1238
1034,OG Anunoby,2017-18,11,0.315,10,1.100,3490
1035,Kendrick Perkins,2015-16,11,1.006,9,1.667,1093
1036,Nick Collison,2014-15,11,0.512,9,0.700,2147
1037,Marvin Williams,2017-18,11,0.269,11,0.727,4095
1038,Channing Frye,2014-15,11,0.305,11,1.000,3610
1039,Jordan Clarkson,2018-19,11,0.248,11,1.000,4444
1040,Myles Turner,2015-16,11,0.350,10,0.500,3146
1041,Giannis Antetokounmpo,2014-15,11,0.210,11,1.000,5250
1042,Robert Covington,2014-15,11,0.286,11,0.909,3841
1043,Dorell Wright,2013-14,11,0.518,11,0.818,2124
1044,Jeff Withey,2016-17,11,1.240,10,0.500,887
1045,Brandon Ingram,2018-19,11,0.294,9,0.778,3742
1046,John Henson,2014-15,11,0.419,11,0.818,2628
1047,Khem Birch,2017-18,11,0.973,11,0.727,1130
1048,Timothe Luwawu-Cabarrot,2020-21,11,0.490,10,1.500,2243
1049,Donta Hall,2019-20,11,3.470,11,1.364,317
1050,Dragan Bender,2019-20,11,1.874,11,1.545,587
1051,Hollis Thompson,2015-16,11,0.253,9,1.000,4355
1052,Cody Martin,2020-21,11,0.635,10,1.200,1732
1053,Derrick Williams,2015-16,11,0.395,11,1.000,2788
1054,Udonis Haslem,2013-14,11,0.720,11,1.273,1528
1055,Henry Sims,2013-14,11,0.637,9,0.778,1727
1056,Jaden McDaniels,2020-21,11,0.347,10,0.500,3173
1057,LeBron James,2015-16,11,0.163,11,1.273,6763
1058,Ekpe Udoh,2013-14,11,0.728,11,1.182,1510
1059,Wilson Chandler,2014-15,11,0.224,10,0.500,4904
1060,Vince Carter,2019-20,11,0.598,9,0.444,1838
1061,Willy Hernangomez,2017-18,11,1.106,9,1.111,995
1062,Ryan Anderson,2013-14,11,0.715,10,0.800,1539
1063,Damian Jones,2017-18,11,5.473,10,1.182,201
1064,Anthony Davis,2020-21,11,0.402,10,0.700,2738
1065,Anthony Bennett,2014-15,11,0.624,11,1.000,1762
1066,Rudy Gay,2017-18,11,0.405,11,0.636,2719
1067,Dirk Nowitzki,2016-17,11,0.406,10,1.300,2711
1068,Ekpe Udoh,2018-19,11,1.592,10,0.900,691
1069,Boris Diaw,2014-15,11,0.261,11,0.636,4208
1070,Cole Aldrich,2013-14,11,1.741,10,0.600,632
1071,Hollis Thompson,2013-14,11,0.312,11,1.182,3528
1072,Kyle O'Quinn,2018-19,11,1.419,11,0.909,775
1073,Dirk Nowitzki,2018-19,11,0.688,11,0.909,1600
1074,Kevin Seraphin,2016-17,11,0.930,11,0.909,1183
1075,Aaron Gordon,2016-17,11,0.237,10,1.100,4645
1076,Ryan Hollins,2015-16,11,1.251,10,0.800,879
1077,Eric Gordon,2019-20,11,0.360,11,0.727,3058
1078,Andre Drummond,2013-14,11,0.215,10,1.100,5107
1079,Cheick Diallo,2018-19,11,0.568,10,1.100,1938
1080,Rudy Gay,2018-19,11,0.269,9,1.000,4082
1081,Hassan Whiteside,2014-15,11,0.509,10,0.900,2160
1082,Gordon Hayward,2020-21,11,0.357,10,1.200,3078
1083,Anthony Tolliver,2019-20,11,0.583,10,0.900,1888
1084,Dewayne Dedmon,2014-15,11,0.677,10,1.100,1625
1085,Brandon Davies,2013-14,11,0.954,10,0.700,1153
1086,Khris Middleton,2017-18,11,0.172,11,0.727,6389
1087,Hassan Whiteside,2015-16,11,0.237,10,0.400,4636
1088,Mirza Teletovic,2016-17,11,0.486,11,0.182,2264
1089,Kyle O'Quinn,2013-14,10,0.427,10,1.500,2340
1090,Shawn Long,2016-17,10,2.137,10,1.800,468
1091,Al-Farouq Aminu,2015-16,10,0.183,10,1.600,5462
1092,Keldon Johnson,2020-21,10,0.244,9,0.556,4094
1093,Al Jefferson,2014-15,10,0.262,10,0.700,3810
1094,Dorian Finney-Smith,2018-19,10,0.246,10,1.000,4065
1095,Brandon Ingram,2017-18,10,0.244,9,0.667,4105
1096,Zion Williamson,2019-20,10,0.688,8,1.125,1454
1097,Terance Mann,2020-21,10,0.301,9,0.889,3321
1098,Jarell Martin,2015-16,10,1.214,9,1.778,824
1099,Kawhi Leonard,2018-19,10,0.165,9,1.000,6049
1100,Caron Butler,2013-14,10,0.286,10,1.300,3500
1101,Nick Young,2017-18,10,0.306,10,1.400,3268
1102,DeMarre Carroll,2017-18,10,0.233,9,0.667,4292
1103,Maurice Ndour,2016-17,10,1.527,10,1.700,655
1104,P.J. Tucker,2014-15,10,0.212,10,1.300,4724
1105,Moritz Wagner,2020-21,10,0.647,10,0.900,1545
1106,Justin Hamilton,2014-15,10,0.739,10,1.000,1353
1107,Marreese Speights,2017-18,10,0.746,10,1.100,1341
1108,Michael Beasley,2017-18,10,0.307,10,0.500,3253
1109,Wesley Matthews,2015-16,10,0.183,10,0.700,5460
1110,Rondae Hollis-Jefferson,2020-21,10,3.472,9,0.667,288
1111,Nikola Vucevic,2018-19,10,0.191,9,1.111,5243
1112,Dwight Powell,2015-16,10,0.474,9,1.000,2110
1113,Kevin Durant,2015-16,10,0.151,9,0.889,6642
1114,Meyers Leonard,2019-20,10,0.464,10,0.500,2155
1115,Danuel House Jr.,2018-19,10,0.435,10,0.800,2300
1116,Jared Dudley,2015-16,10,0.235,10,1.400,4252
1117,Naz Reid,2019-20,10,0.943,10,1.000,1061
1118,Kristaps Porzingis,2017-18,10,0.322,10,1.400,3102
1119,Thaddeus Young,2017-18,10,0.178,10,1.400,5606
1120,Ben Simmons,2019-20,10,0.240,10,0.300,4173
1121,Boban Marjanovic,2017-18,10,1.456,9,0.667,687
1122,Andrew Wiggins,2020-21,10,0.194,8,0.625,5160
1123,Anthony Tolliver,2014-15,10,0.360,8,1.000,2776
1124,Paul Millsap,2014-15,10,0.174,10,0.700,5757
1125,Jonas Jerebko,2014-15,10,0.402,7,0.250,2490
1126,Jae Crowder,2019-20,10,0.190,10,1.200,5252
1127,Mikal Bridges,2020-21,10,0.163,10,0.800,6146
1128,Alfonzo McKinnie,2018-19,10,0.383,10,0.700,2609
1129,Carl Landry,2014-15,10,0.426,9,0.889,2345
1130,Glen Davis,2013-14,10,0.286,9,1.222,3500
1131,Aaron Gordon,2014-15,10,0.633,9,0.556,1580
1132,Anthony Lamb,2020-21,10,1.136,10,0.800,880
1133,Boban Marjanovic,2018-19,10,0.603,10,1.100,1659
1134,Collin Sexton,2018-19,10,0.191,10,1.700,5240
1135,David Nwaba,2020-21,10,0.698,10,1.300,1432
1136,Reggie Evans,2014-15,10,0.690,9,1.000,1449
1137,Dorian Finney-Smith,2020-21,10,0.228,10,1.000,4395
1138,LaMarcus Aldridge,2014-15,10,0.189,9,1.111,5283
1139,Deyonta Davis,2016-17,10,2.066,8,2.000,484
1140,Moritz Wagner,2019-20,10,0.552,9,0.778,1813
1141,Ryan Hollins,2014-15,10,1.145,8,0.250,873
1142,Zaza Pachulia,2013-14,10,0.399,9,1.111,2509
1143,Deron Williams,2015-16,10,0.238,10,0.800,4197
1144,Donatas Motiejunas,2015-16,10,0.771,10,0.900,1297
1145,Jermaine O'Neal,2013-14,10,0.543,9,1.667,1840
1146,Kemba Walker,2019-20,10,0.208,10,0.300,4816
1147,Jonas Jerebko,2016-17,10,0.367,10,1.200,2724
1148,Jeff Ayres,2014-15,10,1.321,9,0.556,757
1149,Nicolo Melli,2020-21,10,0.873,9,0.889,1145
1150,Jae Crowder,2018-19,10,0.212,10,0.900,4725
1151,Jerami Grant,2016-17,10,0.301,9,1.556,3322
1152,Bobby Portis,2016-17,10,0.456,8,0.500,2195
1153,Alec Peters,2017-18,10,2.227,10,0.900,449
1154,Markieff Morris,2015-16,10,0.304,9,0.889,3290
1155,Anthony Tolliver,2017-18,10,0.286,9,1.667,3498
1156,Tobias Harris,2019-20,10,0.188,9,1.000,5308
1157,Mikal Bridges,2018-19,9,0.179,8,0.500,5039
1158,Dwight Howard,2020-21,9,0.327,8,1.375,2755
1159,Josh Smith,2013-14,9,0.168,9,0.333,5370
1160,Kyle Kuzma,2020-21,9,0.211,8,1.000,4266
1161,Shaun Livingston,2018-19,9,0.341,8,0.500,2637
1162,Robert Covington,2017-18,9,0.157,8,1.500,5738
1163,Wilson Chandler,2018-19,9,0.359,9,1.000,2506
1164,Bojan Bogdanovic,2016-17,9,0.188,9,0.222,4795
1165,Joe Johnson,2015-16,9,0.145,9,1.111,6220
1166,Khris Middleton,2013-14,9,0.193,7,0.286,4673
1167,Kelly Olynyk,2013-14,9,0.331,9,1.222,2718
1168,Anthony Randolph,2013-14,9,0.826,8,1.375,1090
1169,Trevor Ariza,2018-19,9,0.187,9,1.333,4805
1170,John Wall,2020-21,9,0.336,9,0.889,2677
1171,Eric Gordon,2020-21,9,0.542,9,0.444,1659
1172,Taurean Prince,2019-20,9,0.232,9,0.556,3880
1173,Tyson Chandler,2019-20,9,1.891,9,1.111,476
1174,Richaun Holmes,2015-16,9,0.630,9,1.333,1428
1175,Joe Johnson,2016-17,9,0.219,9,1.222,4101
1176,Jabari Parker,2017-18,9,0.488,9,0.778,1843
1177,Carl Landry,2015-16,9,0.781,8,1.125,1153
1178,OG Anunoby,2018-19,9,0.318,8,2.250,2826
1179,Chris Paul,2018-19,9,0.198,8,0.250,4542
1180,Mike Muscala,2020-21,9,0.673,7,0.571,1338
1181,Javonte Green,2020-21,9,0.920,9,1.444,978
1182,Larry Nance Jr.,2020-21,9,0.413,8,0.750,2180
1183,Aron Baynes,2013-14,9,0.770,9,1.222,1169
1184,Drew Gooden,2014-15,9,0.449,9,0.667,2006
1185,Jon Leuer,2018-19,9,1.090,8,1.375,826
1186,Dragan Bender,2018-19,9,0.518,9,0.778,1737
1187,Austin Rivers,2019-20,9,0.234,8,0.500,3848
1188,Patrick Patterson,2013-14,9,0.280,9,0.222,3215
1189,Mario Hezonja,2018-19,9,0.368,9,1.889,2444
1190,Maurice Harkless,2016-17,9,0.193,9,1.333,4671
1191,Justin Anderson,2018-19,9,0.882,8,0.625,1020
1192,Brandon Ingram,2016-17,9,0.194,9,0.556,4632
1193,Jamil Wilson,2017-18,9,1.673,8,0.750,538
1194,Damion Lee,2020-21,9,0.402,8,1.000,2241
1195,Lance Stephenson,2018-19,9,0.374,8,1.375,2409
1196,Desmond Bane,2020-21,9,0.261,6,0.333,3444
1197,Maurice Harkless,2020-21,9,0.557,8,0.250,1617
1198,Lance Thomas,2015-16,9,0.349,9,0.889,2582
1199,JaMychal Green,2018-19,9,0.288,8,0.875,3124
1200,Devin Harris,2017-18,9,0.334,8,1.375,2698
1201,Goga Bitadze,2019-20,9,0.896,9,0.222,1004
1202,Danilo Gallinari,2017-18,9,0.678,8,0.889,1328
1203,Nick Collison,2015-16,9,0.591,9,1.222,1523
1204,Jeff Green,2015-16,9,0.193,9,1.333,4660
1205,Thomas Robinson,2015-16,9,0.496,6,0.833,1813
1206,De'Andre Hunter,2019-20,9,0.210,9,0.667,4291
1207,Jonas Valanciunas,2015-16,9,0.256,7,1.429,3519
1208,Matt Barnes,2016-17,9,0.247,8,1.000,3637
1209,Anderson Varejao,2014-15,9,0.747,8,0.500,1205
1210,Nikola Pekovic,2014-15,9,0.594,9,0.889,1516
1211,Miles Plumlee,2013-14,9,0.232,8,1.750,3878
1212,Solomon Hill,2015-16,9,0.424,8,0.125,2123
1213,Tarik Black,2014-15,9,0.400,9,0.667,2251
1214,Victor Claver,2013-14,9,2.452,7,1.000,367
1215,Kyle O'Quinn,2015-16,9,0.606,9,1.333,1486
1216,Khem Birch,2018-19,9,0.602,8,0.875,1495
1217,Kyle Lowry,2013-14,9,0.152,8,0.625,5923
1218,Danilo Gallinari,2014-15,9,0.317,8,1.000,2840
1219,Marcus Smart,2018-19,9,0.194,9,0.778,4639
1220,Chris Kaman,2014-15,9,0.324,9,0.889,2779
1221,Jarrell Brantley,2020-21,9,3.061,9,0.667,294
1222,Patrick Patterson,2016-17,9,0.258,9,0.889,3488
1223,Thomas Robinson,2014-15,9,0.564,8,1.000,1596
1224,Gerald Green,2016-17,9,0.627,9,1.222,1435
1225,Eric Gordon,2017-18,9,0.165,8,0.250,5463
1226,Kelly Oubre Jr.,2017-18,9,0.187,8,0.000,4808
1227,Paul George,2019-20,9,0.229,9,0.667,3936
1228,Nate Wolters,2013-14,9,0.369,9,0.667,2440
1229,Trevor Booker,2014-15,9,0.310,8,0.875,2905
1230,Klay Thompson,2013-14,9,0.147,9,0.778,6118
1231,Daniel Oturu,2020-21,9,2.663,9,0.222,338
1232,Lauri Markkanen,2020-21,9,0.334,9,1.444,2694
1233,Hassan Whiteside,2016-17,9,0.183,9,1.444,4907
1234,Tiago Splitter,2015-16,9,0.777,9,0.222,1158
1235,Metta World Peace,2013-14,9,1.195,8,0.500,753
1236,Malik Monk,2020-21,9,0.485,9,1.000,1855
1237,Jarred Vanderbilt,2019-20,9,9.091,9,0.778,99
1238,Larry Nance Jr.,2015-16,9,0.363,9,0.778,2480
1239,Jayson Tatum,2017-18,9,0.151,9,0.444,5977
1240,Skal Labissiere,2019-20,9,0.756,8,0.000,1190
1241,Luka Doncic,2020-21,9,0.176,9,0.889,5120
1242,Justin Jackson,2019-20,9,0.418,9,0.778,2155
1243,Salah Mejri,2016-17,9,0.539,8,1.250,1671
1244,LeBron James,2013-14,8,0.117,8,0.500,6857
1245,Jabari Parker,2016-17,8,0.234,7,0.714,3416
1246,Frank Kaminsky,2017-18,8,0.218,8,1.625,3674
1247,Rodney Hood,2020-21,8,0.418,5,0.000,1913
1248,Juancho Hernangomez,2019-20,8,0.450,8,1.625,1779
1249,D.J. Wilson,2018-19,8,0.404,6,1.667,1980
1250,Chandler Parsons,2014-15,8,0.181,6,1.333,4408
1251,Nicolas Batum,2019-20,8,0.854,8,0.750,937
1252,LaMarcus Aldridge,2013-14,8,0.139,7,1.000,5771
1253,Alize Johnson,2020-21,8,1.831,8,0.375,437
1254,Patty Mills,2016-17,8,0.185,7,1.286,4333
1255,Shaun Livingston,2017-18,8,0.264,8,1.125,3030
1256,Trevor Ariza,2017-18,8,0.140,7,1.571,5730
1257,Andrew Nicholson,2016-17,8,1.189,7,0.000,673
1258,Anthony Tolliver,2016-17,8,0.274,7,0.571,2916
1259,Bojan Bogdanovic,2014-15,8,0.201,8,1.750,3984
1260,Dante Cunningham,2014-15,8,0.245,6,0.667,3266
1261,Andrei Kirilenko,2013-14,8,0.436,6,0.833,1834
1262,Andrew Wiggins,2019-20,8,0.205,7,1.000,3906
1263,Landry Shamet,2020-21,8,0.244,8,0.500,3285
1264,Hassan Whiteside,2017-18,8,0.275,8,0.625,2905
1265,Reggie Jackson,2020-21,8,0.185,8,0.875,4318
1266,Nikola Mirotic,2015-16,8,0.245,8,0.750,3270
1267,Ersan Ilyasova,2020-21,8,2.676,7,0.714,299
1268,Davis Bertans,2017-18,8,0.348,7,1.000,2297
1269,Charlie Villanueva,2014-15,8,0.539,8,1.000,1484
1270,Al-Farouq Aminu,2013-14,8,0.202,8,0.750,3958
1271,Al Jefferson,2016-17,8,0.440,7,0.857,1817
1272,Andrew Bogut,2017-18,8,1.786,7,1.714,448
1273,Goran Dragic,2020-21,8,0.275,7,0.714,2906
1274,Nemanja Bjelica,2017-18,8,0.281,7,0.286,2850
1275,JaVale McGee,2015-16,8,1.067,7,0.571,750
1276,Marcus Smart,2016-17,8,0.135,8,0.500,5906
1277,Deonte Burton,2018-19,8,1.566,7,1.429,511
1278,Alex Poythress,2018-19,8,1.212,8,0.500,660
1279,Andrea Bargnani,2014-15,8,0.531,8,1.000,1506
1280,Anthony Gill,2020-21,8,1.487,8,0.875,538
1281,Wendell Carter Jr.,2020-21,8,0.284,8,0.625,2816
1282,Ben Simmons,2020-21,8,0.168,8,1.375,4751
1283,Wes Iwundu,2017-18,8,0.397,8,1.250,2016
1284,Guerschon Yabusele,2018-19,8,1.460,8,1.125,548
1285,Bruno Fernando,2020-21,8,1.639,8,1.250,488
1286,Paul Pierce,2015-16,8,0.318,8,0.875,2515
1287,Josh Harrellson,2013-14,8,1.299,6,0.857,616
1288,Cam Reddish,2019-20,8,0.239,7,1.143,3351
1289,Tomas Satoransky,2017-18,8,0.237,6,0.333,3382
1290,Kent Bazemore,2020-21,8,0.273,8,0.375,2926
1291,Nemanja Bjelica,2020-21,8,0.633,8,2.000,1263
1292,Nick Richards,2020-21,8,6.107,7,1.000,131
1293,Omri Casspi,2017-18,8,0.522,8,0.750,1532
1294,Sterling Brown,2020-21,8,0.314,7,1.286,2547
1295,Christian Wood,2018-19,8,1.447,8,1.250,553
1296,Jeff Withey,2014-15,8,1.603,8,1.250,499
1297,Eric Bledsoe,2018-19,8,0.140,8,1.125,5725
1298,Kyrie Irving,2020-21,8,0.175,6,1.000,4577
1299,Trevor Ariza,2014-15,8,0.113,8,0.750,7111
1300,Devin Booker,2018-19,8,0.171,8,1.375,4679
1301,Byron Mullens,2013-14,8,0.963,8,1.000,831
1302,Cristiano Felicio,2015-16,8,1.280,7,0.714,625
1303,Perry Jones III,2013-14,8,0.500,8,0.875,1600
1304,Ian Mahinmi,2013-14,8,0.280,8,0.625,2857
1305,Andrew Bogut,2013-14,8,0.229,8,0.625,3487
1306,James Harden,2015-16,8,0.120,8,0.500,6681
1307,Chandler Parsons,2017-18,8,0.589,6,0.833,1359
1308,Khris Middleton,2020-21,8,0.120,8,1.250,6656
1309,Rudy Gay,2015-16,8,0.165,8,0.250,4850
1310,Semi Ojeleye,2018-19,8,0.612,8,1.250,1307
1311,Fred VanVleet,2020-21,8,0.208,8,0.875,3855
1312,Maurice Harkless,2019-20,8,0.264,8,0.000,3025
1313,T.J. Warren,2018-19,8,0.283,7,1.286,2831
1314,Kevin Seraphin,2013-14,8,0.723,7,0.429,1107
1315,Derrick Jones Jr.,2020-21,8,0.293,8,1.000,2731
1316,Gerald Green,2018-19,8,0.251,6,1.167,3193
1317,Jimmy Butler,2018-19,8,0.150,7,1.000,5350
1318,Matt Barnes,2015-16,8,0.176,8,0.500,4533
1319,Kenrich Williams,2019-20,8,0.455,8,0.250,1759
1320,Miles Plumlee,2018-19,8,2.156,7,0.429,371
1321,Jae Crowder,2013-14,7,0.266,6,0.500,2628
1322,Devin Booker,2016-17,7,0.127,7,1.429,5509
1323,Andrew Nicholson,2013-14,7,0.309,7,1.000,2264
1324,Nassir Little,2020-21,7,0.537,7,1.143,1303
1325,Terry Rozier,2019-20,7,0.167,7,0.714,4186
1326,Dante Cunningham,2018-19,7,0.362,6,0.333,1936
1327,Shawn Marion,2014-15,7,0.331,6,1.167,2118
1328,Norman Powell,2020-21,7,0.140,6,0.000,4992
1329,RJ Barrett,2020-21,7,0.131,6,1.667,5327
1330,Jalen Brunson,2020-21,7,0.193,7,1.286,3625
1331,Chris Silva,2020-21,7,3.608,7,0.857,194
1332,Al Horford,2020-21,7,0.436,6,1.833,1604
1333,Andrea Bargnani,2015-16,7,0.563,6,1.167,1243
1334,Kyle Lowry,2020-21,7,0.212,7,1.000,3307
1335,Boris Diaw,2013-14,7,0.138,6,0.833,5076
1336,Carmelo Anthony,2016-17,7,0.139,7,1.143,5036
1337,Tomas Satoransky,2018-19,7,0.157,7,0.857,4456
1338,Andre Iguodala,2015-16,7,0.137,5,0.400,5128
1339,Gary Neal,2013-14,7,0.309,7,1.143,2266
1340,Rodney Hood,2017-18,7,0.188,7,0.857,3714
1341,Jalen Smith,2020-21,7,1.955,6,1.833,358
1342,Darrell Arthur,2017-18,7,2.397,7,1.000,292
1343,James Johnson,2018-19,7,0.296,6,0.500,2363
1344,Devonte' Graham,2019-20,7,0.163,6,1.333,4306
1345,Georges Niang,2019-20,7,0.331,7,0.857,2115
1346,Jae Crowder,2014-15,7,0.202,6,0.833,3473
1347,Ryan Kelly,2014-15,7,0.297,7,0.857,2357
1348,Kent Bazemore,2019-20,7,0.197,7,0.714,3550
1349,Will Barton,2017-18,7,0.130,7,0.429,5375
1350,Jae Crowder,2015-16,7,0.138,7,1.286,5061
1351,Cory Joseph,2020-21,7,0.235,7,1.429,2983
1352,Shaun Livingston,2015-16,7,0.171,7,1.429,4101
1353,JJ Redick,2018-19,7,0.122,7,1.143,5736
1354,Spencer Dinwiddie,2018-19,7,0.164,7,1.000,4256
1355,Iman Shumpert,2018-19,7,0.208,7,0.571,3364
1356,Jon Leuer,2014-15,7,0.435,6,1.333,1610
1357,Anthony Tolliver,2018-19,7,0.315,7,0.714,2225
1358,Joe Johnson,2014-15,7,0.121,7,1.000,5808
1359,Cedi Osman,2019-20,7,0.179,7,1.429,3911
1360,Trevor Ariza,2016-17,7,0.107,7,1.286,6548
1361,Kyle Lowry,2018-19,7,0.110,6,1.167,6364
1362,Omer Asik,2016-17,7,0.716,7,1.286,977
1363,Brandon Ingram,2019-20,7,0.155,7,0.000,4522
1364,Michael Kidd-Gilchrist,2019-20,7,1.029,6,1.333,680
1365,Shaun Livingston,2013-14,7,0.167,7,1.000,4204
1366,Luol Deng,2016-17,7,0.232,7,1.000,3020
1367,DeMar DeRozan,2018-19,7,0.118,7,1.143,5917
1368,Anthony Edwards,2020-21,7,0.144,7,1.286,4849
1369,Jimmy Butler,2016-17,7,0.117,7,1.429,5997
1370,Lamar Stevens,2020-21,7,0.685,7,1.000,1022
1371,Chuck Hayes,2013-14,7,0.479,6,0.333,1462
1372,Udonis Haslem,2015-16,7,1.057,7,1.429,662
1373,Fred VanVleet,2018-19,7,0.148,7,0.714,4744
1374,Adreian Payne,2014-15,7,0.492,7,0.857,1424
1375,Doug McDermott,2020-21,7,0.199,7,0.714,3519
1376,Miles Plumlee,2015-16,7,0.411,7,1.000,1702
1377,Johnny O'Bryant III,2015-16,7,0.428,7,0.571,1636
1378,Jarred Vanderbilt,2018-19,7,4.487,7,0.714,156
1379,Wesley Johnson,2016-17,7,0.425,6,0.667,1647
1380,Thabo Sefolosha,2017-18,7,0.438,7,1.571,1600
1381,Ryan Kelly,2015-16,7,0.740,7,0.000,946
1382,Mindaugas Kuzminskas,2016-17,7,0.346,6,1.333,2026
1383,Russell Westbrook,2020-21,7,0.122,6,1.833,5738
1384,DeAndre' Bembry,2020-21,7,0.351,7,0.429,1995
1385,Trey Lyles,2020-21,7,0.971,7,1.143,721
1386,Trevor Ariza,2015-16,7,0.115,6,1.500,6097
1387,Marvin Williams,2015-16,7,0.140,6,1.000,5015
1388,Robert Covington,2016-17,7,0.161,6,1.000,4351
1389,Juancho Hernangomez,2018-19,7,0.253,6,1.167,2768
1390,DeMar DeRozan,2020-21,7,0.163,7,0.714,4291
1391,Bojan Bogdanovic,2019-20,7,0.165,7,0.286,4231
1392,Boban Marjanovic,2020-21,7,0.989,5,1.400,708
1393,Vlatko Cancar,2020-21,7,1.099,7,0.714,637
1394,Bojan Bogdanovic,2017-18,7,0.130,7,0.571,5369
1395,Stephen Curry,2018-19,7,0.105,7,0.714,6698
1396,Deron Williams,2016-17,7,0.193,7,0.714,3629
1397,Sasha Kaun,2015-16,7,3.743,7,0.714,187
1398,Mario Hezonja,2019-20,7,0.349,7,1.571,2004
1399,JaKarr Sampson,2014-15,7,0.302,7,1.286,2317
1400,Brandon Rush,2015-16,7,0.292,6,0.833,2400
1401,Boban Marjanovic,2019-20,7,0.678,7,1.286,1033
1402,Ed Davis,2019-20,7,1.135,7,1.571,617
1403,Jrue Holiday,2016-17,7,0.158,7,0.714,4435
1404,Patrick Beverley,2020-21,7,0.306,6,0.833,2291
1405,Trey Lyles,2016-17,7,0.315,6,0.333,2224
1406,Robbie Hummel,2014-15,7,0.490,7,1.143,1429
1407,Drew Eubanks,2018-19,7,3.084,7,0.714,227
1408,Mo Bamba,2020-21,7,0.472,7,0.857,1483
1409,Damian Jones,2016-17,7,3.302,6,0.833,212
1410,Meyers Leonard,2018-19,7,0.330,7,0.286,2120
1411,Omri Casspi,2015-16,7,0.180,6,0.571,3897
1412,Robert Sacre,2015-16,7,1.097,7,1.429,638
1413,Roy Hibbert,2013-14,7,0.126,7,0.286,5535
1414,Nic Claxton,2019-20,7,1.772,7,1.429,395
1415,Chris McCullough,2015-16,7,0.966,7,1.286,725
1416,Kevin Knox II,2019-20,7,0.291,7,0.571,2407
1417,Andre Iguodala,2017-18,7,0.169,7,1.000,4135
1418,Caleb Martin,2020-21,7,0.418,7,1.286,1673
1419,Paul Zipser,2017-18,7,0.433,6,1.000,1617
1420,Dwyane Wade,2017-18,7,0.206,6,0.833,3405
1421,Matt Barnes,2014-15,7,0.132,7,0.429,5311
1422,Marcus Derrickson,2018-19,6,4.478,6,1.333,134
1423,DeMarre Carroll,2019-20,6,0.951,6,0.333,631
1424,Kentavious Caldwell-Pope,2018-19,6,0.139,6,1.000,4312
1425,JR Smith,2017-18,6,0.102,6,0.500,5883
1426,Jared Dudley,2016-17,6,0.214,5,0.800,2801
1427,Chinanu Onuaku,2016-17,6,5.505,5,0.400,109
1428,Troy Brown Jr.,2018-19,6,0.399,5,0.800,1505
1429,Chandler Parsons,2015-16,6,0.171,6,0.667,3517
1430,Tyler Herro,2020-21,6,0.173,4,0.500,3472
1431,Jeff Ayres,2013-14,6,0.300,5,0.800,2001
1432,Nick Young,2016-17,6,0.189,6,1.167,3171
1433,Tyler Lydon,2018-19,6,3.141,6,0.333,191
1434,Zach Collins,2019-20,6,0.980,5,1.400,612
1435,Treveon Graham,2019-20,6,0.305,6,0.833,1967
1436,Marco Belinelli,2017-18,6,0.135,6,1.000,4452
1437,Bradley Beal,2019-20,6,0.138,6,0.833,4362
1438,CJ McCollum,2019-20,6,0.104,6,0.500,5768
1439,Ersan Ilyasova,2019-20,6,0.275,6,0.833,2181
1440,Jabari Parker,2020-21,6,1.336,6,0.833,449
1441,Marco Belinelli,2014-15,6,0.205,6,1.333,2924
1442,Tyreke Evans,2017-18,6,0.192,6,0.333,3125
1443,Brice Johnson,2017-18,6,2.941,6,0.667,204
1444,Jeff Green,2016-17,6,0.198,6,1.500,3032
1445,Isaac Humphries,2018-19,6,4.724,5,0.800,127
1446,Dejounte Murray,2020-21,6,0.135,6,0.000,4453
1447,Alec Burks,2019-20,6,0.158,6,0.667,3809
1448,Patty Mills,2018-19,6,0.141,6,0.500,4270
1449,Will Barton,2015-16,6,0.129,4,0.750,4658
1450,Shai Gilgeous-Alexander,2019-20,6,0.108,6,1.333,5531
1451,Luis Scola,2016-17,6,0.651,6,1.000,922
1452,Jonas Jerebko,2013-14,6,0.417,6,1.000,1440
1453,Andre Iguodala,2013-14,6,0.133,6,0.667,4502
1454,Jeff Withey,2015-16,6,0.491,6,0.667,1223
1455,Cedi Osman,2017-18,6,0.405,6,1.500,1480
1456,Nigel Hayes,2017-18,6,2.632,5,0.600,228
1457,Greg Monroe,2018-19,6,0.499,5,1.400,1202
1458,Cody Zeller,2017-18,6,0.472,6,1.000,1271
1459,Danny Green,2019-20,6,0.131,6,0.333,4566
1460,Obi Toppin,2020-21,6,0.407,6,1.000,1473
1461,Jakob Poeltl,2016-17,6,0.476,5,1.400,1260
1462,Kelly Oubre Jr.,2018-19,6,0.146,6,0.500,4105
1463,Bol Bol,2019-20,6,2.752,6,0.500,218
1464,Luc Mbah a Moute,2016-17,6,0.150,4,1.250,4010
1465,Mychal Mulder,2020-21,6,0.354,5,1.400,1695
1466,KJ McDaniels,2014-15,6,0.224,6,1.500,2675
1467,CJ Miles,2017-18,6,0.194,6,1.167,3096
1468,Delon Wright,2020-21,6,0.170,5,0.400,3528
1469,Roy Hibbert,2014-15,6,0.164,5,0.400,3656
1470,Luke Kornet,2017-18,6,0.915,6,0.500,656
1471,Kevin Garnett,2014-15,6,0.328,6,1.500,1832
1472,Justin Holiday,2019-20,6,0.148,5,0.000,4066
1473,Channing Frye,2018-19,6,0.905,4,1.250,663
1474,Wesley Matthews,2017-18,6,0.143,6,1.000,4209
1475,Dwyane Wade,2018-19,6,0.155,5,0.400,3869
1476,Arnett Moultrie,2013-14,6,1.542,6,1.000,389
1477,Markieff Morris,2020-21,6,0.239,6,0.500,2511
1478,Danilo Gallinari,2015-16,6,0.164,6,0.500,3651
1479,Tim Hardaway Jr.,2013-14,6,0.169,5,1.200,3545
1480,Isaiah Thomas,2019-20,6,0.302,6,1.833,1987
1481,Kenrich Williams,2020-21,6,0.200,5,0.800,2998
1482,Corey Brewer,2017-18,6,0.210,6,0.333,2861
1483,Bradley Beal,2018-19,6,0.095,6,2.000,6290
1484,Jerome Jordan,2014-15,6,0.800,6,0.667,750
1485,Jared Dudley,2018-19,6,0.225,5,0.200,2661
1486,Nikola Vucevic,2015-16,6,0.152,5,0.000,3960
1487,Pau Gasol,2018-19,6,0.800,6,0.833,750
1488,Lance Thomas,2016-17,6,0.313,6,0.167,1916
1489,Richard Jefferson,2015-16,6,0.183,5,1.800,3284
1490,Willie Reed,2016-17,6,0.293,5,0.800,2050
1491,Kenrich Williams,2018-19,6,0.258,4,0.750,2327
1492,Jordan Bell,2019-20,6,1.099,6,2.167,546
1493,Joe Johnson,2013-14,6,0.107,6,1.167,5592
1494,Solomon Hill,2020-21,6,0.177,6,0.333,3381
1495,LeBron James,2020-21,6,0.168,6,1.000,3562
1496,Jeff Adrien,2014-15,6,1.386,6,2.500,433
1497,Dorian Finney-Smith,2019-20,6,0.128,5,1.200,4699
1498,Guerschon Yabusele,2017-18,6,1.073,6,1.333,559
1499,Luc Mbah a Moute,2015-16,6,0.222,5,0.400,2707
1500,Brandon Davies,2014-15,6,0.712,6,0.667,843
1501,Henry Sims,2015-16,6,1.126,6,0.000,533
1502,Ish Smith,2020-21,6,0.259,4,1.250,2320
1503,Jabari Parker,2014-15,6,0.410,6,0.833,1463
1504,Jon Leuer,2017-18,6,2.113,5,0.800,284
1505,J.J. Barea,2017-18,6,0.190,5,1.600,3163
1506,Stephen Zimmerman,2016-17,6,2.830,6,1.333,212
1507,Vince Carter,2013-14,6,0.143,6,0.333,4200
1508,Raul Neto,2020-21,6,0.178,6,0.333,3378
1509,Ryan Hollins,2013-14,6,0.601,6,0.000,998
1510,Miles Plumlee,2016-17,6,0.640,5,1.200,938
1511,Sterling Brown,2017-18,6,0.383,6,1.333,1565
1512,Mfiondu Kabengele,2019-20,6,4.615,6,1.167,130
1513,Rajon Rondo,2020-21,6,0.309,6,0.667,1942
1514,James Ennis III,2019-20,6,0.207,5,2.000,2904
1515,Paul George,2017-18,6,0.096,6,1.000,6258
1516,Greg Smith,2015-16,6,1.575,6,0.667,381
1517,Hedo Turkoglu,2013-14,6,0.712,5,0.400,843
1518,Gary Trent Jr.,2019-20,6,0.192,6,1.333,3119
1519,J.J. Barea,2019-20,6,0.653,6,0.500,919
1520,James Ennis III,2016-17,6,0.190,5,0.000,3160
1521,James Harden,2013-14,6,0.099,6,1.167,6032
1522,Ian Mahinmi,2014-15,6,0.270,6,0.333,2219
1523,Justise Winslow,2018-19,6,0.150,6,1.000,3994
1524,Ronny Turiaf,2013-14,6,0.503,6,1.167,1194
1525,Reggie Bullock,2018-19,6,0.155,4,1.750,3878
1526,Chris Andersen,2015-16,6,0.659,6,1.000,910
1527,Chris Paul,2017-18,6,0.128,5,0.600,4692
1528,Justin Holiday,2018-19,6,0.115,6,0.500,5237
1529,Stephen Curry,2016-17,6,0.088,6,1.167,6831
1530,Derrick Williams,2013-14,6,0.169,5,1.600,3554
1531,Evan Turner,2015-16,6,0.120,6,1.167,5018
1532,Royce O'Neale,2019-20,6,0.128,6,1.333,4672
1533,Vitor Faverani,2013-14,6,0.640,6,0.667,937
1534,Marques Bolden,2020-21,6,10.714,5,0.000,56
1535,Trae Young,2020-21,6,0.108,6,0.667,5572
1536,Kyle Anderson,2015-16,6,0.226,6,0.000,2652
1537,Ryan Kelly,2013-14,6,0.222,6,1.667,2707
1538,Gary Trent Jr.,2020-21,6,0.164,6,2.000,3663
1539,Klay Thompson,2015-16,6,0.083,6,0.333,7244
1540,P.J. Tucker,2013-14,6,0.121,6,0.667,4967
1541,Mike Miller,2016-17,6,1.942,6,1.333,309
1542,Shabazz Napier,2018-19,6,0.284,6,1.667,2115
1543,Luis Scola,2014-15,5,0.155,5,1.000,3236
1544,Andrew Bogut,2016-17,5,0.451,4,0.750,1109
1545,Jrue Holiday,2017-18,5,0.073,5,2.000,6849
1546,Paul Pierce,2016-17,5,0.682,5,1.800,733
1547,Justin Anderson,2017-18,5,0.444,4,0.000,1127
1548,Justin Jackson,2018-19,5,0.147,5,1.400,3405
1549,Mike Scott,2015-16,5,0.192,5,1.000,2606
1550,Kyrie Irving,2018-19,5,0.094,4,0.000,5301
1551,Vincent Poirier,2019-20,5,1.761,5,1.200,284
1552,Ricky Rubio,2020-21,5,0.134,5,2.000,3741
1553,Wesley Matthews,2016-17,5,0.107,5,1.200,4682
1554,James Jones,2016-17,5,0.616,4,0.500,812
1555,Mario Chalmers,2014-15,5,0.113,5,1.200,4412
1556,Paul Reed,2020-21,5,1.312,4,0.000,381
1557,James Michael McAdoo,2014-15,5,1.618,5,0.600,309
1558,Cameron Johnson,2019-20,5,0.194,5,1.200,2575
1559,Danny Green,2018-19,5,0.084,5,0.800,5937
1560,Khem Birch,2019-20,5,0.243,4,0.500,2061
1561,Luka Samanic,2020-21,5,0.804,5,1.000,622
1562,Jarrod Uthoff,2019-20,5,4.673,5,0.400,107
1563,Tacko Fall,2020-21,5,1.786,5,0.800,280
1564,Patty Mills,2020-21,5,0.140,5,0.600,3565
1565,Tyler Cook,2019-20,5,4.310,5,0.600,116
1566,Chris Paul,2020-21,5,0.087,5,0.400,5772
1567,Josh Jackson,2020-21,5,0.156,5,0.000,3202
1568,Spencer Dinwiddie,2017-18,5,0.110,2,1.000,4556
1569,Jamal Murray,2017-18,5,0.098,5,1.200,5104
1570,Nazr Mohammed,2013-14,5,0.486,5,1.000,1028
1571,Will Barton,2018-19,5,0.163,5,0.800,3067
1572,James Ennis III,2017-18,5,0.158,5,0.800,3158
1573,Malik Beasley,2020-21,5,0.197,5,0.400,2539
1574,Damyean Dotson,2018-19,5,0.123,5,0.400,4065
1575,Yogi Ferrell,2017-18,5,0.111,5,0.400,4508
1576,Seth Curry,2016-17,5,0.131,3,0.667,3815
1577,Carlos Boozer,2013-14,5,0.118,5,1.200,4253
1578,Shaun Livingston,2014-15,5,0.137,5,0.600,3641
1579,Wilson Chandler,2013-14,5,0.128,4,1.000,3894
1580,Luke Ridnour,2013-14,5,0.227,5,0.800,2205
1581,Bismack Biyombo,2013-14,5,0.239,5,1.400,2088
1582,Daniel Orton,2013-14,5,0.975,5,0.800,513
1583,Joel Anthony,2013-14,5,1.348,5,0.400,371
1584,Dillon Brooks,2020-21,5,0.106,4,0.750,4706
1585,Mike Scott,2014-15,5,0.202,4,0.500,2476
1586,Marcus Smart,2014-15,5,0.132,5,1.000,3790
1587,Jeff Green,2014-15,5,0.094,5,0.800,5341
1588,Victor Oladipo,2020-21,5,0.224,5,1.400,2237
1589,Alan Williams,2015-16,5,3.378,4,0.500,148
1590,Cody Zeller,2016-17,5,0.147,5,0.800,3391
1591,Raymond Felton,2015-16,5,0.108,4,0.500,4635
1592,Jonas Valanciunas,2018-19,5,0.222,5,1.200,2255
1593,Meyers Leonard,2014-15,5,0.271,5,2.000,1847
1594,Kemba Walker,2018-19,5,0.086,5,1.800,5828
1595,Mike Scott,2013-14,5,0.160,4,0.500,3120
1596,Joe Harris,2019-20,5,0.109,5,1.200,4568
1597,Devin Booker,2020-21,5,0.079,5,0.800,6332
1598,Caris LeVert,2017-18,5,0.135,5,1.600,3713
1599,Ish Smith,2019-20,5,0.131,4,1.250,3807
1600,Emeka Okafor,2017-18,5,0.649,5,1.600,771
1601,Cody Martin,2019-20,5,0.276,5,0.400,1812
1602,Torrey Craig,2018-19,5,0.136,3,1.667,3677
1603,Joe Ingles,2017-18,5,0.085,5,1.000,5877
1604,Rondae Hollis-Jefferson,2015-16,5,0.402,5,0.600,1244
1605,Ricky Rubio,2019-20,5,0.120,4,0.750,4172
1606,Cedi Osman,2020-21,5,0.164,4,1.250,3047
1607,Luke Kennard,2019-20,5,0.281,4,1.250,1778
1608,Kelly Oubre Jr.,2019-20,5,0.126,5,1.000,3981
1609,Brook Lopez,2013-14,5,0.493,5,0.800,1014
1610,Jordan Clarkson,2017-18,5,0.114,4,0.000,4399
1611,Justise Winslow,2020-21,5,0.460,4,1.000,1087
1612,Spencer Hawes,2015-16,5,0.231,5,1.400,2160
1613,Will Barton,2019-20,5,0.130,5,0.400,3841
1614,Trevor Booker,2013-14,5,0.156,5,0.800,3196
1615,Yuta Watanabe,2020-21,5,0.338,5,0.000,1481
1616,Glenn Robinson III,2020-21,5,0.649,5,0.400,771
1617,Klay Thompson,2014-15,5,0.077,5,0.800,6528
1618,Talen Horton-Tucker,2020-21,5,0.180,3,1.000,2785
1619,Dragan Bender,2016-17,5,0.455,5,0.400,1100
1620,Tony Snell,2019-20,5,0.155,5,1.800,3220
1621,Julius Randle,2020-21,5,0.088,5,0.000,5656
1622,Nikola Vucevic,2019-20,5,0.111,3,1.000,4488
1623,Richard Jefferson,2014-15,5,0.192,5,0.400,2608
1624,Alize Johnson,2018-19,5,3.571,4,1.750,140
1625,Toney Douglas,2015-16,5,0.197,4,1.250,2540
1626,Tony Bradley,2017-18,5,8.065,5,1.400,62
1627,Isaiah Hicks,2018-19,5,7.692,5,1.000,65
1628,Jordan Clarkson,2016-17,5,0.102,5,1.000,4895
1629,Mike Scott,2019-20,5,0.200,4,0.000,2506
1630,Royce O'Neale,2018-19,5,0.134,4,0.750,3729
1631,Maurice Harkless,2015-16,5,0.145,5,1.000,3458
1632,Keita Bates-Diop,2018-19,5,0.484,5,1.000,1033
1633,Henry Walker,2014-15,5,0.412,5,0.600,1214
1634,Austin Rivers,2016-17,5,0.118,5,1.000,4248
1635,D.J. Augustin,2014-15,5,0.132,5,1.000,3802
1636,Chimezie Metu,2018-19,5,1.684,5,1.000,297
1637,Giannis Antetokounmpo,2013-14,5,0.139,5,0.600,3586
1638,Mike Miller,2013-14,5,0.141,5,0.600,3544
1639,Aaron Gordon,2018-19,5,0.091,5,1.000,5500
1640,Solomon Hill,2018-19,5,0.267,5,1.000,1872
1641,Bradley Beal,2017-18,5,0.078,5,0.800,6378
1642,Damion Lee,2019-20,5,0.168,4,1.750,2982
1643,JaVale McGee,2014-15,5,0.945,5,0.800,529
1644,Delon Wright,2019-20,5,0.148,5,2.000,3381
1645,Zeke Nnaji,2020-21,5,0.580,3,1.000,862
1646,Michael Porter Jr.,2020-21,5,0.112,5,0.600,4464
1647,Corey Brewer,2016-17,5,0.191,3,0.667,2615
1648,Tim Hardaway Jr.,2019-20,5,0.106,5,0.000,4715
1649,Amar'e Stoudemire,2015-16,5,0.305,5,0.400,1638
1650,Mike Muscala,2019-20,5,0.403,5,0.400,1241
1651,Otto Porter Jr.,2015-16,5,0.107,5,0.000,4656
1652,Caleb Swanigan,2018-19,5,1.362,5,1.200,367
1653,Al Jefferson,2015-16,5,0.201,5,0.800,2484
1654,Gustavo Ayon,2013-14,5,0.605,5,1.000,827
1655,James Harden,2014-15,5,0.069,5,0.600,7207
1656,Daniel Gafford,2019-20,5,0.398,5,1.400,1256
1657,Mario Hezonja,2017-18,5,0.150,5,0.800,3325
1658,Malik Monk,2019-20,5,0.220,5,1.600,2272
1659,Ante Zizic,2019-20,5,1.119,5,0.600,447
1660,Malcolm Thomas,2014-15,5,1.266,5,1.200,395
1661,Alex Caruso,2019-20,5,0.143,4,0.750,3493
1662,Jared Dudley,2019-20,5,0.619,5,1.000,808
1663,Timofey Mozgov,2017-18,5,0.682,5,2.000,733
1664,Kyle Korver,2017-18,5,0.120,4,1.250,4169
1665,Kelly Oubre Jr.,2016-17,5,0.137,5,0.000,3638
1666,Treveon Graham,2018-19,5,0.294,5,1.800,1703
1667,Garrett Temple,2020-21,5,0.157,5,0.400,3186
1668,Jamal Crawford,2018-19,5,0.196,4,1.000,2548
1669,JaKarr Sampson,2018-19,5,1.953,5,0.200,256
1670,Allonzo Trier,2018-19,5,0.171,4,0.000,2932
1671,Stephen Curry,2020-21,5,0.104,5,0.200,4797
1672,Grayson Allen,2020-21,5,0.171,4,0.750,2928
1673,Terence Davis,2019-20,5,0.186,4,2.000,2695
1674,Jameer Nelson,2014-15,5,0.181,3,1.667,2755
1675,Vince Carter,2017-18,5,0.250,5,0.800,2002
1676,Larry Sanders,2013-14,5,0.466,5,1.400,1072
1677,Derrick White,2020-21,5,0.231,5,0.600,2163
1678,DaQuan Jeffries,2020-21,5,0.478,5,0.600,1046
1679,Gerald Green,2017-18,5,0.208,5,0.800,2404
1680,Stephen Curry,2013-14,5,0.081,5,1.400,6165
1681,Thabo Sefolosha,2018-19,5,0.380,5,0.400,1316
1682,Wesley Matthews,2020-21,5,0.197,5,1.000,2541
1683,Jamal Murray,2020-21,5,0.149,4,0.750,3365
1684,Norman Powell,2018-19,5,0.162,4,0.500,3081
1685,T.J. Warren,2016-17,5,0.121,5,0.800,4149
1686,Meyers Leonard,2013-14,5,0.680,5,1.000,735
1687,Francisco Garcia,2013-14,5,0.224,5,0.400,2229
1688,Eric Bledsoe,2016-17,5,0.115,4,2.000,4364
1689,Devin Booker,2015-16,5,0.117,5,1.000,4259
1690,Chasson Randle,2018-19,5,0.328,5,0.000,1523
1691,Lance Thomas,2014-15,5,0.178,4,1.250,2808
1692,Matt Bonner,2014-15,5,0.270,5,1.200,1854
1693,Anderson Varejao,2016-17,5,2.564,5,0.600,195
1694,Ben McLemore,2020-21,5,0.254,4,0.000,1971
1695,Luis Scola,2013-14,5,0.159,5,1.000,3145
1696,Jordan Mickey,2016-17,5,1.567,5,1.400,319