Screener Defender,Season,Picks,Picks Per 100 Possessions,Possessions,Points Per Chance,Possessions (Total),SSI Player ID
Nikola Jokic,2019-20,566,42.302,468,1.068,1338,ff41306e-89ef-11e6-8903-a45e60e298d3
Tim Duncan,2013-14,484,33.965,414,0.891,1425,ff42a05c-89ef-11e6-a675-a45e60e298d3
Nikola Jokic,2018-19,462,43.544,389,0.962,1061,ff41306e-89ef-11e6-8903-a45e60e298d3
Marc Gasol,2018-19,435,30.208,370,0.895,1440,ff420730-89ef-11e6-bafd-a45e60e298d3
DeAndre Jordan,2014-15,428,44.169,350,0.871,969,ff401ff8-89ef-11e6-99ab-a45e60e298d3
Brook Lopez,2020-21,390,29.148,340,0.965,1338,ff423f0c-89ef-11e6-99c1-a45e60e298d3
Deandre Ayton,2020-21,366,23.282,314,0.925,1572,cc834b28-2371-40e2-a29e-68e58259ed63
Hassan Whiteside,2015-16,365,67.219,292,0.863,543,ff425d2b-89ef-11e6-8e2c-a45e60e298d3
Joel Embiid,2020-21,358,48.248,305,0.909,742,ff42281e-89ef-11e6-8097-a45e60e298d3
Ivica Zubac,2020-21,349,61.879,292,1.078,564,4364572d-1c61-49fe-a083-495a2ebe45d5
Dwight Howard,2014-15,349,29.576,309,0.862,1180,ff418bd7-89ef-11e6-9e3d-a45e60e298d3
Kevon Looney,2018-19,340,37.989,291,0.932,895,ff4170c2-89ef-11e6-83e1-a45e60e298d3
Al Horford,2014-15,333,33.003,282,0.915,1009,ff427c2e-89ef-11e6-8d2a-a45e60e298d3
Nikola Jokic,2020-21,330,47.826,281,1.141,690,ff41306e-89ef-11e6-8903-a45e60e298d3
Kevin Love,2017-18,328,26.710,280,1.004,1228,ff42aecf-89ef-11e6-8cb8-a45e60e298d3
Jonas Valanciunas,2021-22,328,71.616,248,1.084,458,ff429666-89ef-11e6-a005-a45e60e298d3
Serge Ibaka,2013-14,321,29.262,259,0.816,1097,ff41e09c-89ef-11e6-a26f-a45e60e298d3
Rudy Gobert,2017-18,316,41.199,260,0.944,767,ff42a142-89ef-11e6-8c3b-a45e60e298d3
Brook Lopez,2019-20,314,47.076,264,1.015,667,ff423f0c-89ef-11e6-99c1-a45e60e298d3
Maxi Kleber,2021-22,300,34.562,253,0.988,868,d6b3074b-83cc-4284-a649-8c9459d88626
Timofey Mozgov,2014-15,299,30.325,260,0.833,986,ff41d8a1-89ef-11e6-a2c8-a45e60e298d3
Brook Lopez,2018-19,291,32.155,257,0.851,905,ff423f0c-89ef-11e6-99c1-a45e60e298d3
Enes Freedom,2018-19,288,31.441,262,0.970,916,ff41d597-89ef-11e6-99f9-a45e60e298d3
Steven Adams,2015-16,285,26.710,242,0.988,1067,ff420623-89ef-11e6-9b37-a45e60e298d3
Kendrick Perkins,2013-14,284,38.482,228,0.983,738,ff427f26-89ef-11e6-949e-a45e60e298d3
Steven Adams,2013-14,282,44.833,235,0.967,629,ff420623-89ef-11e6-9b37-a45e60e298d3
Jonas Valanciunas,2020-21,279,59.871,244,1.012,466,ff429666-89ef-11e6-a005-a45e60e298d3
Clint Capela,2017-18,277,27.291,244,0.927,1015,ff414a2b-89ef-11e6-a46a-a45e60e298d3
Brook Lopez,2021-22,276,40.529,230,0.884,681,ff423f0c-89ef-11e6-99c1-a45e60e298d3
Jonas Valanciunas,2015-16,274,46.128,224,0.904,594,ff429666-89ef-11e6-a005-a45e60e298d3
Robin Lopez,2013-14,273,38.614,231,0.842,707,ff425eb3-89ef-11e6-9fb5-a45e60e298d3
Roy Hibbert,2013-14,271,27.681,231,0.940,979,ff41b07a-89ef-11e6-826c-a45e60e298d3
Marcin Gortat,2016-17,271,33.791,229,0.803,802,ff4206b0-89ef-11e6-a91d-a45e60e298d3
Kelly Olynyk,2016-17,265,39.376,218,1.132,673,ff426326-89ef-11e6-a607-a45e60e298d3
Draymond Green,2014-15,265,17.108,213,0.898,1549,ff41a38c-89ef-11e6-b14d-a45e60e298d3
Daniel Theis,2019-20,263,27.597,224,1.027,953,64c01255-432f-4e9b-a475-6f8c38e8e882
DeAndre Jordan,2016-17,262,53.799,205,0.852,487,ff401ff8-89ef-11e6-99ab-a45e60e298d3
Marcus Morris Sr.,2020-21,258,21.939,226,0.983,1176,ff429d26-89ef-11e6-a6f3-a45e60e298d3
Deandre Ayton,2021-22,254,33.642,216,0.963,755,cc834b28-2371-40e2-a29e-68e58259ed63
Bismack Biyombo,2015-16,253,27.234,205,0.818,929,ff401757-89ef-11e6-994b-a45e60e298d3
Marcin Gortat,2014-15,246,40.594,203,0.820,606,ff4206b0-89ef-11e6-a91d-a45e60e298d3
Chris Bosh,2013-14,243,20.066,205,0.869,1211,ff41dff8-89ef-11e6-a60d-a45e60e298d3
Dwight Powell,2021-22,243,50.943,196,0.975,477,ff41d302-89ef-11e6-b0a0-a45e60e298d3
Tristan Thompson,2015-16,241,20.441,211,0.897,1179,ff41f1fa-89ef-11e6-a048-a45e60e298d3
Andrew Bogut,2014-15,239,28.284,195,0.975,845,ff421e2b-89ef-11e6-a705-a45e60e298d3
Andrew Bogut,2015-16,236,32.642,206,0.831,723,ff421e2b-89ef-11e6-a705-a45e60e298d3
Bam Adebayo,2019-20,234,17.257,205,0.903,1356,61fc6b15-5ce2-4613-a67b-f15bada3aa57
David West,2013-14,226,17.908,187,0.677,1262,ff42cc75-89ef-11e6-a9c8-a45e60e298d3
Montrezl Harrell,2019-20,225,44.291,191,1.036,508,ff42b4e8-89ef-11e6-a75d-a45e60e298d3
Al Horford,2016-17,224,19.162,180,0.912,1169,ff427c2e-89ef-11e6-8d2a-a45e60e298d3
Tristan Thompson,2014-15,219,16.067,184,0.750,1363,ff41f1fa-89ef-11e6-a048-a45e60e298d3
Ian Mahinmi,2015-16,218,67.077,155,0.671,325,ff4231c5-89ef-11e6-9db4-a45e60e298d3
Clint Capela,2018-19,215,32.774,185,0.839,656,ff414a2b-89ef-11e6-a46a-a45e60e298d3
Chris Andersen,2013-14,214,37.478,190,0.932,571,ff419e1e-89ef-11e6-b934-a45e60e298d3
Bam Adebayo,2021-22,209,17.894,181,1.022,1168,61fc6b15-5ce2-4613-a67b-f15bada3aa57
Pau Gasol,2014-15,209,35.185,184,0.745,594,ff4292c5-89ef-11e6-9469-a45e60e298d3
Rudy Gobert,2019-20,208,40.310,174,0.972,516,ff42a142-89ef-11e6-8c3b-a45e60e298d3
Serge Ibaka,2018-19,205,20.728,173,0.614,989,ff41e09c-89ef-11e6-a26f-a45e60e298d3
Clint Capela,2020-21,205,17.826,181,0.962,1150,ff414a2b-89ef-11e6-a46a-a45e60e298d3
Tristan Thompson,2016-17,205,18.320,176,0.801,1119,ff41f1fa-89ef-11e6-a048-a45e60e298d3
Al Horford,2021-22,204,12.734,168,0.787,1602,ff427c2e-89ef-11e6-8d2a-a45e60e298d3
Tiago Splitter,2013-14,199,20.183,165,0.898,986,ff427ab3-89ef-11e6-9d30-a45e60e298d3
Myles Turner,2015-16,198,54.396,144,0.869,364,ff41bc78-89ef-11e6-a5bf-a45e60e298d3
Tristan Thompson,2017-18,197,25.321,183,1.109,778,ff41f1fa-89ef-11e6-a048-a45e60e298d3
Al Jefferson,2015-16,194,63.192,157,0.908,307,ff42d721-89ef-11e6-a9ef-a45e60e298d3
Kevin Garnett,2013-14,190,42.793,153,0.826,444,ff4117d1-89ef-11e6-8bd5-a45e60e298d3
Aron Baynes,2017-18,190,25.132,164,0.934,756,ff413e73-89ef-11e6-a5df-a45e60e298d3
Brook Lopez,2014-15,190,42.793,163,0.964,444,ff423f0c-89ef-11e6-99c1-a45e60e298d3
Joel Embiid,2021-22,189,25.926,168,0.976,729,ff42281e-89ef-11e6-8097-a45e60e298d3
Dwight Howard,2019-20,189,33.451,160,0.925,565,ff418bd7-89ef-11e6-9e3d-a45e60e298d3
Rudy Gobert,2016-17,188,39.248,154,1.097,479,ff42a142-89ef-11e6-8c3b-a45e60e298d3
Marcin Gortat,2013-14,188,27.566,152,0.647,682,ff4206b0-89ef-11e6-a91d-a45e60e298d3
LaMarcus Aldridge,2016-17,187,18.406,162,0.877,1016,ff4291dc-89ef-11e6-8416-a45e60e298d3
Mason Plumlee,2015-16,186,30.195,156,0.962,616,ff42c76e-89ef-11e6-a19d-a45e60e298d3
Marc Gasol,2019-20,186,40.347,162,0.883,461,ff420730-89ef-11e6-bafd-a45e60e298d3
Rudy Gobert,2020-21,185,24.667,161,0.994,750,ff42a142-89ef-11e6-8c3b-a45e60e298d3
Derrick Favors,2016-17,184,43.602,151,1.175,422,ff4036a1-89ef-11e6-a631-a45e60e298d3
Al Horford,2015-16,182,27.871,148,0.882,653,ff427c2e-89ef-11e6-8d2a-a45e60e298d3
Pau Gasol,2016-17,182,26.187,165,1.006,695,ff4292c5-89ef-11e6-9469-a45e60e298d3
LaMarcus Aldridge,2013-14,182,21.362,152,0.891,852,ff4291dc-89ef-11e6-8416-a45e60e298d3
Clint Capela,2016-17,182,32.384,157,1.013,562,ff414a2b-89ef-11e6-a46a-a45e60e298d3
Giannis Antetokounmpo,2021-22,179,19.627,151,1.164,912,ff423b75-89ef-11e6-a507-a45e60e298d3
Steven Adams,2017-18,179,44.307,153,0.884,404,ff420623-89ef-11e6-9b37-a45e60e298d3
Festus Ezeli,2015-16,177,42.344,143,0.904,418,ff41ab21-89ef-11e6-b0b1-a45e60e298d3
Zaza Pachulia,2016-17,170,39.171,128,0.820,434,ff403f19-89ef-11e6-8e8d-a45e60e298d3
Larry Nance Jr.,2017-18,169,28.790,140,0.957,587,ff410bab-89ef-11e6-856b-a45e60e298d3
Marc Gasol,2014-15,168,20.922,144,0.829,803,ff420730-89ef-11e6-bafd-a45e60e298d3
Larry Nance Jr.,2021-22,168,52.012,137,1.036,323,ff410bab-89ef-11e6-856b-a45e60e298d3
Karl-Anthony Towns,2017-18,166,50.303,144,1.020,330,ff417a73-89ef-11e6-a33e-a45e60e298d3
Ivica Zubac,2019-20,166,25.938,135,0.986,640,4364572d-1c61-49fe-a083-495a2ebe45d5
Josh McRoberts,2015-16,164,65.863,119,0.893,249,ff416599-89ef-11e6-a8f4-a45e60e298d3
DeAndre Jordan,2015-16,163,42.010,146,0.791,388,ff401ff8-89ef-11e6-99ab-a45e60e298d3
LaMarcus Aldridge,2018-19,162,34.395,124,0.892,471,ff4291dc-89ef-11e6-8416-a45e60e298d3
Jonas Valanciunas,2016-17,162,37.327,129,0.924,434,ff429666-89ef-11e6-a005-a45e60e298d3
Steven Adams,2016-17,161,50.470,133,0.867,319,ff420623-89ef-11e6-9b37-a45e60e298d3
Marcin Gortat,2017-18,159,50.962,133,1.060,312,ff4206b0-89ef-11e6-a91d-a45e60e298d3
Enes Freedom,2015-16,159,25.278,136,0.870,629,ff41d597-89ef-11e6-99f9-a45e60e298d3
Steven Adams,2018-19,157,47.006,131,1.172,334,ff420623-89ef-11e6-9b37-a45e60e298d3
Jusuf Nurkic,2020-21,157,45.640,124,0.928,344,ff42622b-89ef-11e6-9088-a45e60e298d3
Zach Randolph,2014-15,154,20.896,128,0.855,737,ff423145-89ef-11e6-8a8a-a45e60e298d3
Kevin Love,2015-16,152,13.333,134,0.904,1140,ff42aecf-89ef-11e6-8cb8-a45e60e298d3
Serge Ibaka,2015-16,152,12.688,121,0.992,1198,ff41e09c-89ef-11e6-a26f-a45e60e298d3
Andray Blatche,2013-14,151,47.785,127,0.882,316,ff41728f-89ef-11e6-a77b-a45e60e298d3
Draymond Green,2018-19,151,8.663,125,0.810,1743,ff41a38c-89ef-11e6-b14d-a45e60e298d3
Andrew Bogut,2018-19,151,41.713,118,0.850,362,ff421e2b-89ef-11e6-a705-a45e60e298d3
Pero Antic,2014-15,151,38.228,128,0.992,395,ff411d4a-89ef-11e6-968b-a45e60e298d3
Dwight Howard,2013-14,149,33.864,129,0.869,440,ff418bd7-89ef-11e6-9e3d-a45e60e298d3
Joel Embiid,2018-19,147,21.940,125,0.929,670,ff42281e-89ef-11e6-8097-a45e60e298d3
David West,2016-17,145,33.181,120,0.842,437,ff42cc75-89ef-11e6-a9c8-a45e60e298d3
Channing Frye,2015-16,144,32.143,107,0.780,448,ff402140-89ef-11e6-aa13-a45e60e298d3
Al Horford,2018-19,143,22.520,112,0.765,635,ff427c2e-89ef-11e6-8d2a-a45e60e298d3
Zach Collins,2018-19,143,26.580,118,0.958,538,e80fe1d3-0b98-4c13-b6e5-da024cc77ae5
Marreese Speights,2015-16,142,35.236,122,0.951,403,ff42334c-89ef-11e6-86f9-a45e60e298d3
Dirk Nowitzki,2013-14,140,28.283,115,0.983,495,ff411411-89ef-11e6-8f83-a45e60e298d3
Bobby Portis,2020-21,140,19.074,118,0.924,734,ff41f651-89ef-11e6-95ed-a45e60e298d3
Joel Embiid,2017-18,140,25.180,124,0.935,556,ff42281e-89ef-11e6-8097-a45e60e298d3
Jakob Poeltl,2018-19,139,40.882,124,0.871,340,ca6b7e96-9060-4d5a-8bef-1a8b6ab230ec
JaVale McGee,2017-18,138,44.373,115,0.983,311,ff41d4eb-89ef-11e6-8055-a45e60e298d3
Draymond Green,2015-16,138,7.814,122,0.861,1766,ff41a38c-89ef-11e6-b14d-a45e60e298d3
Tim Duncan,2015-16,137,33.415,117,0.842,410,ff42a05c-89ef-11e6-a675-a45e60e298d3
DeAndre Jordan,2013-14,136,15.650,124,0.944,869,ff401ff8-89ef-11e6-99ab-a45e60e298d3
Giannis Antetokounmpo,2020-21,136,8.532,119,0.883,1594,ff423b75-89ef-11e6-a507-a45e60e298d3
Kevon Looney,2017-18,134,16.771,120,0.787,799,ff4170c2-89ef-11e6-83e1-a45e60e298d3
Draymond Green,2021-22,133,9.419,113,0.781,1412,ff41a38c-89ef-11e6-b14d-a45e60e298d3
Ed Davis,2015-16,132,32.432,105,1.074,407,ff41853a-89ef-11e6-9ab7-a45e60e298d3
Joakim Noah,2014-15,131,17.970,115,0.957,729,ff42bcf5-89ef-11e6-afa7-a45e60e298d3
Jonas Valanciunas,2017-18,130,26.971,107,0.855,482,ff429666-89ef-11e6-a005-a45e60e298d3
Dwight Howard,2020-21,129,41.613,109,0.965,310,ff418bd7-89ef-11e6-9e3d-a45e60e298d3
Draymond Green,2017-18,128,7.848,106,0.934,1631,ff41a38c-89ef-11e6-b14d-a45e60e298d3
Anthony Davis,2019-20,128,8.306,111,0.804,1541,ff41df59-89ef-11e6-810a-a45e60e298d3
Draymond Green,2016-17,128,10.356,109,0.798,1236,ff41a38c-89ef-11e6-b14d-a45e60e298d3
  Nene,2014-15,127,25.813,101,0.723,492,ff4295ee-89ef-11e6-8d6a-a45e60e298d3
Dwight Howard,2016-17,123,39.423,100,1.118,312,ff418bd7-89ef-11e6-9e3d-a45e60e298d3
Taj Gibson,2020-21,122,46.212,111,1.071,264,ff42877a-89ef-11e6-a6cd-a45e60e298d3
Robin Lopez,2016-17,122,40.132,105,1.111,304,ff425eb3-89ef-11e6-9fb5-a45e60e298d3
Onyeka Okongwu,2021-22,122,41.077,105,0.906,297,33d4de56-c864-4043-857f-8cd9a2074698
Jeff Green,2019-20,120,17.316,102,0.757,693,ff4177f3-89ef-11e6-95d8-a45e60e298d3
Greg Monroe,2016-17,118,46.457,82,0.812,254,ff4279b8-89ef-11e6-9faa-a45e60e298d3
Carmelo Anthony,2017-18,117,29.471,96,0.959,397,ff41a705-89ef-11e6-8b57-a45e60e298d3
Tim Duncan,2014-15,116,24.167,104,0.821,480,ff42a05c-89ef-11e6-a675-a45e60e298d3
  Nene,2016-17,116,34.835,94,0.845,333,ff4295ee-89ef-11e6-8d6a-a45e60e298d3
Festus Ezeli,2014-15,115,32.033,97,0.810,359,ff41ab21-89ef-11e6-b0b1-a45e60e298d3
Ian Mahinmi,2013-14,115,25.612,88,0.835,449,ff4231c5-89ef-11e6-9db4-a45e60e298d3
Omer Asik,2013-14,114,37.500,94,1.021,304,ff41a7d7-89ef-11e6-a4f9-a45e60e298d3
Tyson Chandler,2014-15,114,33.628,91,0.887,339,ff41601e-89ef-11e6-a4cc-a45e60e298d3
Serge Ibaka,2019-20,113,21.648,94,1.128,522,ff41e09c-89ef-11e6-a26f-a45e60e298d3
David Lee,2013-14,113,26.588,95,0.916,425,ff41bc0a-89ef-11e6-8b1d-a45e60e298d3
Kevon Looney,2021-22,113,12.626,102,0.804,895,ff4170c2-89ef-11e6-83e1-a45e60e298d3
Thon Maker,2017-18,113,46.888,92,0.839,241,a431a70a-8e7e-48f3-bc85-a21fd0e7918b
Al Horford,2017-18,113,8.679,100,0.870,1302,ff427c2e-89ef-11e6-8d2a-a45e60e298d3
Andre Drummond,2020-21,113,45.935,90,0.901,246,ff415268-89ef-11e6-a137-a45e60e298d3
Udonis Haslem,2015-16,112,69.136,84,1.082,162,ff413211-89ef-11e6-8e43-a45e60e298d3
Derrick Favors,2020-21,112,37.584,92,1.117,298,ff4036a1-89ef-11e6-a631-a45e60e298d3
Marc Gasol,2016-17,111,26.056,96,0.938,426,ff420730-89ef-11e6-bafd-a45e60e298d3
Mason Plumlee,2019-20,110,26.066,93,1.054,422,ff42c76e-89ef-11e6-a19d-a45e60e298d3
Blake Griffin,2014-15,110,9.743,93,0.809,1129,ff41ff8a-89ef-11e6-95d3-a45e60e298d3
Serge Ibaka,2016-17,109,18.761,91,1.055,581,ff41e09c-89ef-11e6-a26f-a45e60e298d3
  Nene,2013-14,109,18.537,91,0.761,588,ff4295ee-89ef-11e6-8d6a-a45e60e298d3
Joel Embiid,2019-20,109,38.929,95,1.105,280,ff42281e-89ef-11e6-8097-a45e60e298d3
Mason Plumlee,2013-14,108,52.683,88,1.101,205,ff42c76e-89ef-11e6-a19d-a45e60e298d3
Kevin Love,2016-17,108,9.541,99,0.930,1132,ff42aecf-89ef-11e6-8cb8-a45e60e298d3
Amar'e Stoudemire,2015-16,107,69.481,87,0.977,154,ff4145b8-89ef-11e6-88ee-a45e60e298d3
Mason Plumlee,2018-19,107,24.654,88,1.112,434,ff42c76e-89ef-11e6-a19d-a45e60e298d3
Joakim Noah,2013-14,106,28.495,89,0.924,372,ff42bcf5-89ef-11e6-afa7-a45e60e298d3
Myles Turner,2019-20,105,35.836,89,1.044,293,ff41bc78-89ef-11e6-a5bf-a45e60e298d3
Daniel Gafford,2020-21,104,30.588,94,0.915,340,d43adb9a-00c2-4720-b256-54b9ef1a890e
Jonas Valanciunas,2013-14,103,28.691,86,1.115,359,ff429666-89ef-11e6-a005-a45e60e298d3
Samuel Dalembert,2013-14,103,41.200,89,0.989,250,ff423f8f-89ef-11e6-92d9-a45e60e298d3
Channing Frye,2016-17,102,33.887,88,1.100,301,ff402140-89ef-11e6-aa13-a45e60e298d3
Nick Collison,2013-14,102,28.732,83,0.893,355,ff42462b-89ef-11e6-a23e-a45e60e298d3
Paul Pierce,2013-14,101,15.257,74,0.787,662,ff41a038-89ef-11e6-abdf-a45e60e298d3
Giannis Antetokounmpo,2017-18,101,18.704,89,1.011,540,ff423b75-89ef-11e6-a507-a45e60e298d3
Marc Gasol,2020-21,101,61.585,80,1.099,164,ff420730-89ef-11e6-bafd-a45e60e298d3
Ersan Ilyasova,2018-19,100,17.730,85,0.884,564,ff415e54-89ef-11e6-b695-a45e60e298d3
Glen Davis,2014-15,100,33.333,81,0.831,300,ff415440-89ef-11e6-aac5-a45e60e298d3
JaVale McGee,2016-17,100,31.546,87,0.943,317,ff41d4eb-89ef-11e6-8055-a45e60e298d3
Zach Randolph,2016-17,99,30.000,86,0.919,330,ff423145-89ef-11e6-8a8a-a45e60e298d3
Paul Millsap,2014-15,98,8.909,84,0.753,1100,ff415538-89ef-11e6-9b07-a45e60e298d3
David West,2017-18,98,28.161,85,0.953,348,ff42cc75-89ef-11e6-a9c8-a45e60e298d3
LaMarcus Aldridge,2015-16,97,15.015,83,0.892,646,ff4291dc-89ef-11e6-8416-a45e60e298d3
Robin Lopez,2020-21,96,46.154,76,0.896,208,ff425eb3-89ef-11e6-9fb5-a45e60e298d3
Cody Zeller,2015-16,95,35.185,80,1.012,270,ff42a38f-89ef-11e6-bb6d-a45e60e298d3
David Lee,2014-15,93,46.500,74,0.880,200,ff41bc0a-89ef-11e6-8b1d-a45e60e298d3
Rudy Gobert,2021-22,92,25.068,76,1.077,367,ff42a142-89ef-11e6-8c3b-a45e60e298d3
Ryan Anderson,2016-17,92,14.154,74,0.844,650,ff418d17-89ef-11e6-95e4-a45e60e298d3
Giannis Antetokounmpo,2018-19,92,8.622,79,0.888,1067,ff423b75-89ef-11e6-a507-a45e60e298d3
  Nene,2017-18,92,41.441,79,0.873,222,ff4295ee-89ef-11e6-8d6a-a45e60e298d3
Brandon Clarke,2021-22,91,14.286,83,0.976,637,8c8c43ec-1dc2-4cf0-a68b-641c8fb6e45d
Andre Drummond,2015-16,91,38.889,76,0.908,234,ff415268-89ef-11e6-a137-a45e60e298d3
Paul Millsap,2018-19,90,10.112,72,0.903,890,ff415538-89ef-11e6-9b07-a45e60e298d3
Boban Marjanovic,2018-19,90,40.541,76,1.078,222,ff421770-89ef-11e6-b651-a45e60e298d3
Kelly Olynyk,2019-20,90,17.476,77,1.026,515,ff426326-89ef-11e6-a607-a45e60e298d3
Al Jefferson,2013-14,89,44.724,74,0.908,199,ff42d721-89ef-11e6-a9ef-a45e60e298d3
Robert Williams III,2021-22,89,11.528,73,0.753,772,79b83f96-5723-4219-b521-57de6111ee97
Amir Johnson,2016-17,87,30.742,73,0.918,283,ff4157f5-89ef-11e6-be80-a45e60e298d3
Dewayne Dedmon,2021-22,87,31.868,75,1.093,273,ff41de23-89ef-11e6-a0fc-a45e60e298d3
Myles Turner,2018-19,86,33.725,73,0.986,255,ff41bc78-89ef-11e6-a5bf-a45e60e298d3
Paul Reed,2021-22,86,31.734,74,0.933,271,1736561c-d0c5-41ac-bd1c-1a28454ddb79
Nikola Vucevic,2018-19,86,30.175,71,1.211,285,ff4220dc-89ef-11e6-83c6-a45e60e298d3
Robin Lopez,2014-15,86,38.739,76,0.922,222,ff425eb3-89ef-11e6-9fb5-a45e60e298d3
Meyers Leonard,2014-15,86,43.655,71,0.847,197,ff416f5c-89ef-11e6-9530-a45e60e298d3
Enes Freedom,2019-20,86,43.000,72,1.000,200,ff41d597-89ef-11e6-99f9-a45e60e298d3
David West,2015-16,85,25.602,73,0.892,332,ff42cc75-89ef-11e6-a9c8-a45e60e298d3
Derrick Favors,2017-18,84,14.533,73,1.105,578,ff4036a1-89ef-11e6-a631-a45e60e298d3
Udonis Haslem,2013-14,84,27.184,70,1.143,309,ff413211-89ef-11e6-8e43-a45e60e298d3
Precious Achiuwa,2021-22,84,26.415,73,1.384,318,acdc968b-e5a7-4251-9fb6-d54204d6fdd2
Onyeka Okongwu,2020-21,84,25.075,77,0.962,335,33d4de56-c864-4043-857f-8cd9a2074698
Meyers Leonard,2018-19,84,24.419,72,1.000,344,ff416f5c-89ef-11e6-9530-a45e60e298d3
P.J. Tucker,2019-20,83,10.036,75,0.868,827,ff41362b-89ef-11e6-babd-a45e60e298d3
Jusuf Nurkic,2019-20,83,19.302,75,1.079,430,ff42622b-89ef-11e6-9088-a45e60e298d3
Jakob Poeltl,2017-18,81,29.562,61,0.578,274,ca6b7e96-9060-4d5a-8bef-1a8b6ab230ec
Mike Muscala,2014-15,79,40.513,66,0.783,195,ff421b63-89ef-11e6-8715-a45e60e298d3
Grant Williams,2021-22,78,6.000,72,0.808,1300,561048bb-c412-4d8b-a0bc-27d250a1a431
David Lee,2016-17,78,17.105,74,1.054,456,ff41bc0a-89ef-11e6-8b1d-a45e60e298d3
Nikola Mirotic,2017-18,78,11.538,64,0.879,676,ff429e85-89ef-11e6-a63b-a45e60e298d3
Boris Diaw,2013-14,78,6.701,68,0.928,1164,ff42afb5-89ef-11e6-954e-a45e60e298d3
Marc Gasol,2013-14,78,13.904,71,0.915,561,ff420730-89ef-11e6-bafd-a45e60e298d3
Dwight Howard,2015-16,77,21.813,64,1.000,353,ff418bd7-89ef-11e6-9e3d-a45e60e298d3
Nicolas Batum,2020-21,76,7.083,67,1.090,1073,ff4239f0-89ef-11e6-a24c-a45e60e298d3
Clint Capela,2014-15,76,28.044,70,0.917,271,ff414a2b-89ef-11e6-a46a-a45e60e298d3
Nerlens Noel,2020-21,76,41.304,62,1.095,184,ff41260a-89ef-11e6-a369-a45e60e298d3
LaMarcus Aldridge,2014-15,75,19.084,63,0.746,393,ff4291dc-89ef-11e6-8416-a45e60e298d3
Nikola Vucevic,2019-20,74,18.734,68,1.103,395,ff4220dc-89ef-11e6-83c6-a45e60e298d3
Myles Turner,2016-17,74,28.906,60,0.919,256,ff41bc78-89ef-11e6-a5bf-a45e60e298d3
Zaza Pachulia,2015-16,73,34.928,65,1.091,209,ff403f19-89ef-11e6-8e8d-a45e60e298d3
Amir Johnson,2014-15,72,33.028,57,0.898,218,ff4157f5-89ef-11e6-be80-a45e60e298d3
Daniel Theis,2021-22,71,17.317,59,0.847,410,64c01255-432f-4e9b-a475-6f8c38e8e882
Domantas Sabonis,2018-19,71,38.798,58,0.881,183,800c3b36-c941-4605-ae99-9ce2b60edbdf
Glen Davis,2013-14,71,22.327,56,0.776,318,ff415440-89ef-11e6-aac5-a45e60e298d3
DeJuan Blair,2013-14,71,44.375,58,1.051,160,ff411c14-89ef-11e6-b163-a45e60e298d3
Kenneth Faried,2018-19,71,62.281,60,0.721,114,ff413559-89ef-11e6-9991-a45e60e298d3
Ersan Ilyasova,2014-15,71,25.448,58,0.983,279,ff415e54-89ef-11e6-b695-a45e60e298d3
DeMarcus Cousins,2018-19,70,26.415,57,1.193,265,ff41c6d1-89ef-11e6-a1ca-a45e60e298d3
Anthony Davis,2017-18,70,9.223,62,0.730,759,ff41df59-89ef-11e6-810a-a45e60e298d3
Blake Griffin,2020-21,70,11.111,64,0.969,630,ff41ff8a-89ef-11e6-95d3-a45e60e298d3
Tyler Zeller,2014-15,70,40.462,52,0.800,173,ff4287f3-89ef-11e6-ad05-a45e60e298d3
Nikola Vucevic,2021-22,69,18.548,63,0.778,372,ff4220dc-89ef-11e6-83c6-a45e60e298d3
Jaren Jackson Jr.,2020-21,69,18.598,63,1.047,371,9b2369c7-8445-48db-9fb5-99c10ec4b942
Dario Saric,2020-21,69,24.555,60,1.067,281,2012cb09-52c9-4f61-a273-f1b86a12b9ef
Kevin Seraphin,2014-15,68,46.575,53,1.019,146,ff419645-89ef-11e6-9aa0-a45e60e298d3
Taj Gibson,2014-15,68,13.052,59,1.102,521,ff42877a-89ef-11e6-a6cd-a45e60e298d3
Marvin Williams,2019-20,68,17.895,63,0.921,380,ff411c78-89ef-11e6-a99e-a45e60e298d3
Kosta Koufos,2014-15,67,28.632,54,0.963,234,ff41fdee-89ef-11e6-855b-a45e60e298d3
Anderson Varejao,2015-16,67,36.413,55,0.857,184,ff411e8a-89ef-11e6-9a8f-a45e60e298d3
Dewayne Dedmon,2016-17,67,34.715,57,1.000,193,ff41de23-89ef-11e6-a0fc-a45e60e298d3
Jonas Valanciunas,2014-15,66,32.195,59,1.100,205,ff429666-89ef-11e6-a005-a45e60e298d3
Dorian Finney-Smith,2021-22,66,5.027,51,0.923,1313,c1976fde-8666-41cb-8965-0b530d931507
Zaza Pachulia,2014-15,66,25.984,57,0.552,254,ff403f19-89ef-11e6-8e8d-a45e60e298d3
Jaren Jackson Jr.,2021-22,66,9.442,60,0.762,699,9b2369c7-8445-48db-9fb5-99c10ec4b942
John Henson,2014-15,66,23.322,54,1.089,283,ff429917-89ef-11e6-97c2-a45e60e298d3
Marreese Speights,2016-17,64,35.955,52,1.000,178,ff42334c-89ef-11e6-86f9-a45e60e298d3
Brandan Wright,2013-14,64,37.209,56,0.931,172,ff428868-89ef-11e6-acd6-a45e60e298d3
JaVale McGee,2019-20,64,23.358,49,0.918,274,ff41d4eb-89ef-11e6-8055-a45e60e298d3
John Henson,2017-18,63,44.681,56,0.696,141,ff429917-89ef-11e6-97c2-a45e60e298d3
Rudy Gobert,2018-19,63,20.128,57,1.035,313,ff42a142-89ef-11e6-8c3b-a45e60e298d3
Markieff Morris,2017-18,63,17.308,50,1.160,364,ff41cb11-89ef-11e6-8285-a45e60e298d3
Markieff Morris,2019-20,63,8.214,53,0.887,767,ff41cb11-89ef-11e6-8285-a45e60e298d3
Xavier Tillman,2021-22,63,21.356,53,1.226,295,6f81f6a8-9bdf-45e7-b034-e889bce73ce3
Cole Aldrich,2015-16,62,41.611,52,0.963,149,ff424c42-89ef-11e6-abc4-a45e60e298d3
Domantas Sabonis,2020-21,62,42.177,52,1.000,147,800c3b36-c941-4605-ae99-9ce2b60edbdf
Jermaine O'Neal,2013-14,60,37.037,48,1.000,162,ff42ea07-89ef-11e6-95d3-a45e60e298d3
Boban Marjanovic,2019-20,60,35.294,56,0.897,170,ff421770-89ef-11e6-b651-a45e60e298d3
Harrison Barnes,2014-15,60,4.498,51,0.588,1334,ff42689e-89ef-11e6-ba3e-a45e60e298d3
Kevin Durant,2013-14,59,3.768,51,0.902,1566,ff42cfdc-89ef-11e6-8347-a45e60e298d3
Justise Winslow,2015-16,58,9.477,47,0.592,612,ff42223a-89ef-11e6-a5db-a45e60e298d3
John Collins,2020-21,58,5.004,49,1.100,1159,b4c77ef1-d34b-4911-9114-1f7e0f3aca68
Enes Freedom,2016-17,56,59.574,50,0.980,94,ff41d597-89ef-11e6-99f9-a45e60e298d3
Jared Sullinger,2014-15,56,35.220,46,0.745,159,ff424e40-89ef-11e6-b8eb-a45e60e298d3
Zach Randolph,2015-16,55,25.114,47,1.042,219,ff423145-89ef-11e6-8a8a-a45e60e298d3
Greg Monroe,2017-18,55,26.961,49,1.240,204,ff4279b8-89ef-11e6-9faa-a45e60e298d3
Amir Johnson,2015-16,55,21.073,45,0.578,261,ff4157f5-89ef-11e6-be80-a45e60e298d3
Ian Mahinmi,2017-18,55,53.398,46,0.792,103,ff4231c5-89ef-11e6-9db4-a45e60e298d3
Kristaps Porzingis,2019-20,55,26.829,51,1.038,205,ff419e8c-89ef-11e6-826f-a45e60e298d3
Aron Baynes,2013-14,54,27.411,46,0.565,197,ff413e73-89ef-11e6-a5df-a45e60e298d3
Karl-Anthony Towns,2021-22,54,10.547,45,0.804,512,ff417a73-89ef-11e6-a33e-a45e60e298d3
Terrence Jones,2014-15,54,6.452,48,1.021,837,ff4141c5-89ef-11e6-bcb1-a45e60e298d3
Giannis Antetokounmpo,2019-20,54,9.343,45,1.083,578,ff423b75-89ef-11e6-a507-a45e60e298d3
Maxi Kleber,2019-20,52,12.121,47,1.234,429,d6b3074b-83cc-4284-a649-8c9459d88626
Kristaps Porzingis,2020-21,52,11.712,43,0.773,444,ff419e8c-89ef-11e6-826f-a45e60e298d3
Patrick Patterson,2017-18,51,42.857,43,1.045,119,ff4174a1-89ef-11e6-a875-a45e60e298d3
Thon Maker,2016-17,51,22.467,41,1.049,227,a431a70a-8e7e-48f3-bc85-a21fd0e7918b
Carlos Boozer,2013-14,51,23.832,43,0.800,214,ff42bc0c-89ef-11e6-bb81-a45e60e298d3
Steven Adams,2021-22,51,21.610,45,1.267,236,ff420623-89ef-11e6-9b37-a45e60e298d3
Robert Williams III,2019-20,51,16.887,44,0.822,302,79b83f96-5723-4219-b521-57de6111ee97
Josh Smith,2014-15,50,6.031,39,0.925,829,ff422528-89ef-11e6-814b-a45e60e298d3
Bobby Portis,2021-22,50,8.251,42,0.791,606,ff41f651-89ef-11e6-95ed-a45e60e298d3
Dario Saric,2017-18,50,7.553,48,1.000,662,2012cb09-52c9-4f61-a273-f1b86a12b9ef
John Collins,2021-22,49,20.588,45,1.000,238,b4c77ef1-d34b-4911-9114-1f7e0f3aca68
Paul Millsap,2015-16,49,6.777,43,0.535,723,ff415538-89ef-11e6-9b07-a45e60e298d3
Aron Baynes,2018-19,49,20.417,39,0.692,240,ff413e73-89ef-11e6-a5df-a45e60e298d3
DeMarcus Cousins,2020-21,49,41.880,44,0.955,117,ff41c6d1-89ef-11e6-a1ca-a45e60e298d3
Clint Capela,2021-22,48,28.743,40,0.762,167,ff414a2b-89ef-11e6-a46a-a45e60e298d3
Markieff Morris,2016-17,48,6.513,46,1.109,737,ff41cb11-89ef-11e6-8285-a45e60e298d3
Jerami Grant,2017-18,48,17.978,43,0.721,267,ff41d0d1-89ef-11e6-aad4-a45e60e298d3
Tyler Zeller,2017-18,47,37.903,36,1.000,124,ff4287f3-89ef-11e6-ad05-a45e60e298d3
Timofey Mozgov,2015-16,47,33.333,36,0.973,141,ff41d8a1-89ef-11e6-a2c8-a45e60e298d3
Mike Muscala,2016-17,47,28.659,40,0.930,164,ff421b63-89ef-11e6-8715-a45e60e298d3
Gorgui Dieng,2017-18,47,33.813,39,1.026,139,ff42d4e6-89ef-11e6-b14e-a45e60e298d3
Josh McRoberts,2013-14,46,16.140,41,0.805,285,ff416599-89ef-11e6-a8f4-a45e60e298d3
Chris Kaman,2015-16,45,70.313,34,0.714,64,ff42b84c-89ef-11e6-ad7e-a45e60e298d3
Salah Mejri,2015-16,45,30.405,38,1.128,148,ff41be94-89ef-11e6-9db7-a45e60e298d3
Ersan Ilyasova,2017-18,45,9.434,39,0.795,477,ff415e54-89ef-11e6-b695-a45e60e298d3
Grant Williams,2019-20,44,12.941,41,0.707,340,561048bb-c412-4d8b-a0bc-27d250a1a431
Jarrett Allen,2018-19,43,17.769,37,0.684,242,330616b8-1619-4685-93e8-26ce79ee94df
Kevon Looney,2020-21,43,48.315,34,1.000,89,ff4170c2-89ef-11e6-83e1-a45e60e298d3
Marreese Speights,2014-15,43,34.127,29,0.828,126,ff42334c-89ef-11e6-86f9-a45e60e298d3
Tony Bradley,2019-20,42,46.667,34,0.800,90,dc94048f-3eaf-4759-87fb-dae2b3a672b2
LaMarcus Aldridge,2017-18,42,12.281,38,1.211,342,ff4291dc-89ef-11e6-8416-a45e60e298d3
Tyler Zeller,2016-17,42,27.097,32,1.031,155,ff4287f3-89ef-11e6-ad05-a45e60e298d3
Harrison Barnes,2015-16,42,2.844,35,0.639,1477,ff42689e-89ef-11e6-ba3e-a45e60e298d3
Noah Vonleh,2016-17,42,19.905,39,1.333,211,ff41224a-89ef-11e6-98eb-a45e60e298d3
Amar'e Stoudemire,2014-15,41,26.115,35,0.892,157,ff4145b8-89ef-11e6-88ee-a45e60e298d3
Luis Scola,2013-14,41,9.193,35,0.743,446,ff41f423-89ef-11e6-b90f-a45e60e298d3
P.J. Tucker,2017-18,41,3.731,40,0.725,1099,ff41362b-89ef-11e6-babd-a45e60e298d3
Jared Dudley,2014-15,41,19.617,28,0.786,209,ff4130dc-89ef-11e6-ba64-a45e60e298d3
Mirza Teletovic,2013-14,40,10.444,31,0.710,383,ff4276cc-89ef-11e6-bd72-a45e60e298d3
Boris Diaw,2014-15,40,10.471,33,0.970,382,ff42afb5-89ef-11e6-954e-a45e60e298d3
Jeff Green,2017-18,40,3.992,38,1.026,1002,ff4177f3-89ef-11e6-95d8-a45e60e298d3
Mike Scott,2014-15,39,12.188,31,0.938,320,ff4161eb-89ef-11e6-a423-a45e60e298d3
Jerami Grant,2018-19,39,10.598,34,0.735,368,ff41d0d1-89ef-11e6-aad4-a45e60e298d3
Pero Antic,2013-14,39,12.500,34,0.559,312,ff411d4a-89ef-11e6-968b-a45e60e298d3
Thaddeus Young,2018-19,39,15.294,35,0.806,255,ff42dffd-89ef-11e6-a58a-a45e60e298d3
Frank Kaminsky,2020-21,39,28.261,36,0.917,138,ff403042-89ef-11e6-b2e2-a45e60e298d3
Rondae Hollis-Jefferson,2018-19,38,27.143,32,1.061,140,ff41713d-89ef-11e6-b300-a45e60e298d3
JaMychal Green,2019-20,38,8.389,28,1.069,453,ff42e921-89ef-11e6-a705-a45e60e298d3
Greg Monroe,2018-19,37,19.171,34,1.147,193,ff4279b8-89ef-11e6-9faa-a45e60e298d3
P.J. Tucker,2021-22,36,3.711,34,1.029,970,ff41362b-89ef-11e6-babd-a45e60e298d3
Derrick Favors,2018-19,36,17.561,26,0.654,205,ff4036a1-89ef-11e6-a631-a45e60e298d3
Thomas Robinson,2013-14,36,14.516,30,0.867,248,ff4223ab-89ef-11e6-8980-a45e60e298d3
Spencer Hawes,2015-16,36,33.645,31,0.688,107,ff412eca-89ef-11e6-8c22-a45e60e298d3
Tobias Harris,2018-19,36,3.978,33,0.970,905,ff42df0c-89ef-11e6-b53b-a45e60e298d3
Nemanja Bjelica,2021-22,36,12.245,31,1.194,294,ff4248a8-89ef-11e6-9a62-a45e60e298d3
Jordan Bell,2018-19,36,17.561,33,1.242,205,07a35d50-2dd1-4476-a9ac-b6e7154ce069
Paul Millsap,2016-17,35,7.991,31,1.032,438,ff415538-89ef-11e6-9b07-a45e60e298d3
Jonas Valanciunas,2019-20,35,47.297,30,0.867,74,ff429666-89ef-11e6-a005-a45e60e298d3
Willie Cauley-Stein,2020-21,35,28.226,24,1.160,124,ff402fd4-89ef-11e6-b6dd-a45e60e298d3
Amir Johnson,2017-18,35,18.041,27,0.643,194,ff4157f5-89ef-11e6-be80-a45e60e298d3
Mason Plumlee,2014-15,35,33.654,29,0.655,104,ff42c76e-89ef-11e6-a19d-a45e60e298d3
Patrick Patterson,2015-16,34,3.178,28,0.821,1070,ff4174a1-89ef-11e6-a875-a45e60e298d3
Aron Baynes,2015-16,34,40.476,25,1.138,84,ff413e73-89ef-11e6-a5df-a45e60e298d3
Jared Sullinger,2015-16,34,20.732,29,1.034,164,ff424e40-89ef-11e6-b8eb-a45e60e298d3
Kyle Anderson,2021-22,34,7.249,29,1.207,469,ff42ce05-89ef-11e6-b640-a45e60e298d3
Anthony Davis,2020-21,33,9.016,29,0.931,366,ff41df59-89ef-11e6-810a-a45e60e298d3
Myles Turner,2017-18,33,8.824,24,1.125,374,ff41bc78-89ef-11e6-a5bf-a45e60e298d3
Marcus Morris Sr.,2018-19,33,6.358,27,0.815,519,ff429d26-89ef-11e6-a6f3-a45e60e298d3
Ryan Anderson,2014-15,33,17.647,29,0.367,187,ff418d17-89ef-11e6-95e4-a45e60e298d3
Alex Len,2020-21,32,22.069,28,1.071,145,ff42c0ee-89ef-11e6-b9df-a45e60e298d3
Pascal Siakam,2019-20,32,3.832,29,0.621,835,3ebb6711-5a0a-4810-922a-9ac3826ad193
Blake Griffin,2013-14,32,3.408,27,1.074,939,ff41ff8a-89ef-11e6-95d3-a45e60e298d3
Tyler Hansbrough,2014-15,32,36.364,26,0.731,88,ff42870a-89ef-11e6-ae3c-a45e60e298d3
Bismack Biyombo,2013-14,32,36.782,30,0.839,87,ff401757-89ef-11e6-994b-a45e60e298d3
Hassan Whiteside,2019-20,32,12.800,28,0.750,250,ff425d2b-89ef-11e6-8e2c-a45e60e298d3
Jarrett Allen,2019-20,31,11.314,27,1.222,274,330616b8-1619-4685-93e8-26ce79ee94df
Khem Birch,2018-19,31,16.940,22,0.773,183,57554ed9-0c8b-44cc-9673-827e94e5239f
Draymond Green,2013-14,31,6.813,26,0.923,455,ff41a38c-89ef-11e6-b14d-a45e60e298d3
Omer Asik,2014-15,31,20.805,29,1.000,149,ff41a7d7-89ef-11e6-a4f9-a45e60e298d3
Davis Bertans,2021-22,31,8.267,26,0.654,375,ff42a38f-89ef-11e6-bb57-a45e60e298d3
Trevor Booker,2013-14,31,12.205,25,0.760,254,ff4277c5-89ef-11e6-926b-a45e60e298d3
Xavier Tillman,2020-21,31,28.972,29,1.345,107,6f81f6a8-9bdf-45e7-b034-e889bce73ce3
Danilo Gallinari,2020-21,31,3.491,27,1.036,888,ff41b782-89ef-11e6-a39f-a45e60e298d3
Nikola Jokic,2021-22,30,8.772,25,0.680,342,ff41306e-89ef-11e6-8903-a45e60e298d3
Boris Diaw,2016-17,30,7.895,28,0.893,380,ff42afb5-89ef-11e6-954e-a45e60e298d3
Taj Gibson,2013-14,30,11.070,24,0.720,271,ff42877a-89ef-11e6-a6cd-a45e60e298d3
Enes Freedom,2020-21,30,28.571,25,1.200,105,ff41d597-89ef-11e6-99f9-a45e60e298d3
Cody Zeller,2013-14,30,29.412,24,1.333,102,ff42a38f-89ef-11e6-bb6d-a45e60e298d3
Kevin Durant,2020-21,29,2.971,27,0.667,976,ff42cfdc-89ef-11e6-8347-a45e60e298d3
Max Strus,2021-22,29,2.894,29,0.931,1002,267de25c-42a5-403a-9fde-0be582ac053b
Drew Gooden,2014-15,29,8.215,27,0.893,353,ff41c1dc-89ef-11e6-a95d-a45e60e298d3
Jae Crowder,2020-21,28,1.932,25,1.120,1449,ff4213a6-89ef-11e6-89ce-a45e60e298d3
Paul George,2020-21,28,1.869,25,0.800,1498,ff412894-89ef-11e6-ac03-a45e60e298d3
Jakob Poeltl,2021-22,28,44.444,22,0.773,63,ca6b7e96-9060-4d5a-8bef-1a8b6ab230ec
Paul Millsap,2013-14,28,5.657,26,0.885,495,ff415538-89ef-11e6-9b07-a45e60e298d3
Jaylen Brown,2019-20,28,2.105,25,0.769,1330,a6904c1c-0dc5-41c8-a618-b3a276131726
Cristiano Felicio,2016-17,28,16.667,23,1.083,168,ff410d63-89ef-11e6-9df8-a45e60e298d3
  Nene,2018-19,28,27.184,23,1.000,103,ff4295ee-89ef-11e6-8d6a-a45e60e298d3
Montrezl Harrell,2018-19,28,8.309,25,1.308,337,ff42b4e8-89ef-11e6-a75d-a45e60e298d3
LeBron James,2014-15,28,1.776,25,1.320,1577,ff41e9f0-89ef-11e6-87b7-a45e60e298d3
Serge Ibaka,2021-22,27,55.102,23,0.609,49,ff41e09c-89ef-11e6-a26f-a45e60e298d3
Trevor Ariza,2020-21,27,13.300,23,0.652,203,ff41881e-89ef-11e6-ab27-a45e60e298d3
Chris Kaman,2014-15,27,38.571,25,1.160,70,ff42b84c-89ef-11e6-ad7e-a45e60e298d3
DeAndre Jordan,2021-22,27,46.552,24,1.583,58,ff401ff8-89ef-11e6-99ab-a45e60e298d3
D.J. Wilson,2018-19,27,30.000,25,0.920,90,8a7dd03d-8124-4597-9829-fd83b6c9690e
JaMychal Green,2016-17,27,12.857,26,1.038,210,ff42e921-89ef-11e6-a705-a45e60e298d3
Nic Claxton,2020-21,27,10.506,22,0.739,257,f81eb8fd-e5bf-4f94-8610-1c9461771056
Omer Yurtseven,2021-22,27,35.065,21,0.667,77,6811ad75-3527-4bfc-b0bc-8fd46ec62535
Chris Andersen,2015-16,27,18.493,23,1.042,146,ff419e1e-89ef-11e6-b934-a45e60e298d3
Andre Drummond,2021-22,27,17.881,21,0.957,151,ff415268-89ef-11e6-a137-a45e60e298d3
Jason Smith,2016-17,27,8.438,24,1.125,320,ff42bb1c-89ef-11e6-91a1-a45e60e298d3
Khem Birch,2021-22,27,23.276,24,0.958,116,57554ed9-0c8b-44cc-9673-827e94e5239f
Elton Brand,2013-14,26,16.456,21,0.667,158,ff41300a-89ef-11e6-9df7-a45e60e298d3
P.J. Tucker,2018-19,26,3.059,24,0.640,850,ff41362b-89ef-11e6-babd-a45e60e298d3
Jeff Ayres,2013-14,26,21.667,20,1.000,120,ff42ac8c-89ef-11e6-847d-a45e60e298d3
Tyler Hansbrough,2013-14,26,46.429,21,1.048,56,ff42870a-89ef-11e6-ae3c-a45e60e298d3
Aron Baynes,2014-15,26,30.233,25,0.960,86,ff413e73-89ef-11e6-a5df-a45e60e298d3
Al-Farouq Aminu,2018-19,25,3.106,21,0.476,805,ff41c24a-89ef-11e6-9d40-a45e60e298d3
Jakob Poeltl,2020-21,25,37.313,20,1.048,67,ca6b7e96-9060-4d5a-8bef-1a8b6ab230ec
Hassan Whiteside,2021-22,25,20.325,17,0.833,123,ff425d2b-89ef-11e6-8e2c-a45e60e298d3
Nerlens Noel,2018-19,25,20.661,23,0.958,121,ff41260a-89ef-11e6-a369-a45e60e298d3
James Jones,2014-15,25,4.230,17,1.056,591,ff417ae3-89ef-11e6-b660-a45e60e298d3
Marcus Morris Sr.,2017-18,25,2.302,23,1.130,1086,ff429d26-89ef-11e6-a6f3-a45e60e298d3
Tristan Thompson,2020-21,24,7.407,19,0.750,324,ff41f1fa-89ef-11e6-a048-a45e60e298d3
Marreese Speights,2013-14,24,18.045,22,0.636,133,ff42334c-89ef-11e6-86f9-a45e60e298d3
Terrence Jones,2013-14,24,8.989,18,1.000,267,ff4141c5-89ef-11e6-bcb1-a45e60e298d3
Pau Gasol,2017-18,24,13.559,24,0.542,177,ff4292c5-89ef-11e6-9469-a45e60e298d3
Kevin Durant,2016-17,24,2.168,20,1.450,1107,ff42cfdc-89ef-11e6-8347-a45e60e298d3
JaVale McGee,2021-22,24,9.302,20,1.250,258,ff41d4eb-89ef-11e6-8055-a45e60e298d3
Andre Drummond,2018-19,24,9.125,21,1.381,263,ff415268-89ef-11e6-a137-a45e60e298d3
Kevin Seraphin,2016-17,24,20.513,22,0.909,117,ff419645-89ef-11e6-9aa0-a45e60e298d3
Robin Lopez,2019-20,23,52.273,22,1.182,44,ff425eb3-89ef-11e6-9fb5-a45e60e298d3
Thaddeus Young,2021-22,23,13.450,20,1.250,171,ff42dffd-89ef-11e6-a58a-a45e60e298d3
Luol Deng,2015-16,23,2.497,21,0.667,921,ff4296de-89ef-11e6-9961-a45e60e298d3
Jason Thompson,2015-16,23,22.115,18,1.167,104,ff41874c-89ef-11e6-9279-a45e60e298d3
Jayson Tatum,2021-22,23,1.187,20,0.550,1937,986b713a-b20b-4eb0-919e-c859d0508af7
Kris Humphries,2015-16,23,21.698,21,0.524,106,ff41b014-89ef-11e6-b808-a45e60e298d3
Ed Davis,2018-19,22,26.506,20,0.750,83,ff41853a-89ef-11e6-9ab7-a45e60e298d3
Eric Moreland,2018-19,22,35.484,19,0.789,62,ff414c00-89ef-11e6-9707-a45e60e298d3
Tiago Splitter,2014-15,22,9.167,19,0.737,240,ff427ab3-89ef-11e6-9d30-a45e60e298d3
Rashard Lewis,2013-14,22,3.813,20,0.700,577,ff427263-89ef-11e6-bede-a45e60e298d3
Clint Capela,2015-16,22,23.158,19,0.579,95,ff414a2b-89ef-11e6-a46a-a45e60e298d3
Joe Johnson,2015-16,22,2.407,19,0.789,914,ff420245-89ef-11e6-a51a-a45e60e298d3
Drew Gooden,2013-14,22,8.462,20,0.550,260,ff41c1dc-89ef-11e6-a95d-a45e60e298d3
Mike Muscala,2015-16,22,17.188,20,1.000,128,ff421b63-89ef-11e6-8715-a45e60e298d3
Serge Ibaka,2020-21,21,61.765,18,0.833,34,ff41e09c-89ef-11e6-a26f-a45e60e298d3
O.G. Anunoby,2019-20,21,2.658,18,0.722,790,4603eded-4510-46ea-bd45-33456d037024
Naz Reid,2021-22,21,13.043,18,0.611,161,6c971d53-3cd2-452e-af3e-bef339ad3929
Boris Diaw,2015-16,21,6.931,18,0.722,303,ff42afb5-89ef-11e6-954e-a45e60e298d3
Bam Adebayo,2020-21,21,7.394,19,1.000,284,61fc6b15-5ce2-4613-a67b-f15bada3aa57
Marquese Chriss,2021-22,21,32.813,18,1.389,64,9508237c-85e2-4121-b4da-f11687f79fdf
Amir Johnson,2013-14,21,5.915,17,1.176,355,ff4157f5-89ef-11e6-be80-a45e60e298d3
Bismack Biyombo,2021-22,21,12.651,20,1.250,166,ff401757-89ef-11e6-994b-a45e60e298d3
Hassan Whiteside,2017-18,21,13.043,18,0.474,161,ff425d2b-89ef-11e6-8e2c-a45e60e298d3
Robert Covington,2019-20,21,2.717,18,0.778,773,ff416430-89ef-11e6-88da-a45e60e298d3
Jeff Withey,2016-17,21,52.500,17,1.000,40,ff42c514-89ef-11e6-b37e-a45e60e298d3
Gorgui Dieng,2021-22,20,55.556,17,1.000,36,ff42d4e6-89ef-11e6-b14e-a45e60e298d3
Khem Birch,2019-20,20,10.256,20,0.750,195,57554ed9-0c8b-44cc-9673-827e94e5239f
Kelly Olynyk,2014-15,20,21.277,15,1.667,94,ff426326-89ef-11e6-a607-a45e60e298d3
Jarrett Allen,2021-22,20,28.571,18,1.158,70,330616b8-1619-4685-93e8-26ce79ee94df
Zach Randolph,2013-14,20,4.545,19,1.263,440,ff423145-89ef-11e6-8a8a-a45e60e298d3
Zaza Pachulia,2017-18,20,39.216,18,0.833,51,ff403f19-89ef-11e6-8e8d-a45e60e298d3
Taj Gibson,2016-17,19,8.120,17,1.353,234,ff42877a-89ef-11e6-a6cd-a45e60e298d3
Blake Griffin,2015-16,19,7.600,17,0.706,250,ff41ff8a-89ef-11e6-95d3-a45e60e298d3
Chuck Hayes,2013-14,19,28.788,15,0.400,66,ff421c87-89ef-11e6-94c9-a45e60e298d3
Luis Scola,2015-16,19,7.090,16,0.500,268,ff41f423-89ef-11e6-b90f-a45e60e298d3
Spencer Hawes,2014-15,19,16.102,19,0.947,118,ff412eca-89ef-11e6-8c22-a45e60e298d3
James Harden,2016-17,19,2.360,16,1.000,805,ff42a0d4-89ef-11e6-9944-a45e60e298d3
Mike Scott,2017-18,19,7.451,15,0.867,255,ff4161eb-89ef-11e6-a423-a45e60e298d3
Ryan Anderson,2017-18,19,9.845,19,0.947,193,ff418d17-89ef-11e6-95e4-a45e60e298d3
Lucas Nogueira,2017-18,19,40.426,16,1.500,47,ff4147e8-89ef-11e6-a064-a45e60e298d3
Nic Claxton,2021-22,19,7.422,17,0.706,256,f81eb8fd-e5bf-4f94-8610-1c9461771056
Kosta Koufos,2013-14,18,20.930,15,1.400,86,ff41fdee-89ef-11e6-855b-a45e60e298d3
Bam Adebayo,2017-18,18,10.778,17,0.882,167,61fc6b15-5ce2-4613-a67b-f15bada3aa57
Kawhi Leonard,2019-20,18,1.737,16,1.000,1036,ff427a33-89ef-11e6-ab99-a45e60e298d3
Paul Millsap,2020-21,18,8.867,14,1.643,203,ff415538-89ef-11e6-9b07-a45e60e298d3
P.J. Tucker,2020-21,18,1.315,18,0.722,1369,ff41362b-89ef-11e6-babd-a45e60e298d3
Jeff Green,2014-15,18,3.152,15,0.933,571,ff4177f3-89ef-11e6-95d8-a45e60e298d3
Tobias Harris,2020-21,18,2.000,18,1.056,900,ff42df0c-89ef-11e6-b53b-a45e60e298d3
Kelly Olynyk,2017-18,18,5.960,17,0.941,302,ff426326-89ef-11e6-a607-a45e60e298d3
Kendrick Perkins,2014-15,18,26.866,17,0.765,67,ff427f26-89ef-11e6-949e-a45e60e298d3
Nikola Mirotic,2016-17,18,5.902,15,1.467,305,ff429e85-89ef-11e6-a63b-a45e60e298d3
Jared Dudley,2018-19,17,9.605,16,1.000,177,ff4130dc-89ef-11e6-ba64-a45e60e298d3
Gorgui Dieng,2019-20,17,56.667,15,1.563,30,ff42d4e6-89ef-11e6-b14e-a45e60e298d3
Spencer Hawes,2016-17,17,58.621,13,0.643,29,ff412eca-89ef-11e6-8c22-a45e60e298d3
Luka Doncic,2021-22,17,1.622,16,1.375,1048,6b3245e8-9d2b-4aa3-b3da-e94924613ab8
Dwight Powell,2015-16,17,14.530,15,1.200,117,ff41d302-89ef-11e6-b0a0-a45e60e298d3
Tobias Harris,2021-22,17,1.934,16,1.313,879,ff42df0c-89ef-11e6-b53b-a45e60e298d3
Al Horford,2019-20,17,6.693,17,1.059,254,ff427c2e-89ef-11e6-8d2a-a45e60e298d3
Nazr Mohammed,2014-15,17,62.963,15,0.375,27,ff41667d-89ef-11e6-9109-a45e60e298d3
Shawn Marion,2013-14,17,4.485,15,1.667,379,ff429991-89ef-11e6-a91a-a45e60e298d3
Donatas Motiejunas,2018-19,17,51.515,14,0.857,33,ff41d763-89ef-11e6-8b59-a45e60e298d3
Klay Thompson,2021-22,17,1.073,17,0.647,1585,ff41a31e-89ef-11e6-8405-a45e60e298d3
Wenyen Gabriel,2019-20,17,13.600,13,0.769,125,dc8bf4b7-3703-4655-b3da-f6d4c79ddd5b
Meyers Leonard,2016-17,16,27.119,15,1.000,59,ff416f5c-89ef-11e6-9530-a45e60e298d3
Jordan Hill,2015-16,16,55.172,11,1.000,29,ff418de6-89ef-11e6-914b-a45e60e298d3
JaVale McGee,2020-21,16,21.918,14,1.000,73,ff41d4eb-89ef-11e6-8055-a45e60e298d3
JaMychal Green,2015-16,16,11.765,14,1.429,136,ff42e921-89ef-11e6-a705-a45e60e298d3
Kawhi Leonard,2020-21,16,1.914,15,1.267,836,ff427a33-89ef-11e6-ab99-a45e60e298d3
Kevin Love,2014-15,16,7.767,13,1.385,206,ff42aecf-89ef-11e6-8cb8-a45e60e298d3
Tristan Thompson,2021-22,16,19.753,16,0.875,81,ff41f1fa-89ef-11e6-a048-a45e60e298d3
Pascal Siakam,2018-19,16,0.913,15,0.467,1752,3ebb6711-5a0a-4810-922a-9ac3826ad193
Charles Bassey,2021-22,15,60.000,11,1.182,25,089bae1f-5cd7-438c-8ebb-061918727a25
Cody Zeller,2020-21,15,23.810,13,1.385,63,ff42a38f-89ef-11e6-bb6d-a45e60e298d3
Jeff Green,2015-16,15,4.934,11,1.364,304,ff4177f3-89ef-11e6-95d8-a45e60e298d3
Patrick Patterson,2014-15,15,7.282,10,1.300,206,ff4174a1-89ef-11e6-a875-a45e60e298d3
Boban Marjanovic,2020-21,15,9.202,13,0.571,163,ff421770-89ef-11e6-b651-a45e60e298d3
LeBron James,2019-20,15,0.980,13,1.000,1531,ff41e9f0-89ef-11e6-87b7-a45e60e298d3
James Harden,2020-21,15,2.408,13,0.923,623,ff42a0d4-89ef-11e6-9944-a45e60e298d3
Dwight Powell,2020-21,15,15.625,13,0.692,96,ff41d302-89ef-11e6-b0a0-a45e60e298d3
Kevin Durant,2021-22,15,3.464,15,0.667,433,ff42cfdc-89ef-11e6-8347-a45e60e298d3
Danilo Gallinari,2018-19,15,3.488,12,1.083,430,ff41b782-89ef-11e6-a39f-a45e60e298d3
Blake Griffin,2021-22,15,31.250,14,0.571,48,ff41ff8a-89ef-11e6-95d3-a45e60e298d3
Goga Bitadze,2020-21,15,18.072,12,1.000,83,f1a41179-981f-4475-9efe-52c4d8071d8f
Daniel Theis,2018-19,15,16.667,13,0.846,90,64c01255-432f-4e9b-a475-6f8c38e8e882
JaVale McGee,2015-16,15,55.556,12,0.923,27,ff41d4eb-89ef-11e6-8055-a45e60e298d3
Jonas Jerebko,2015-16,15,4.559,13,1.077,329,ff4137d9-89ef-11e6-ad62-a45e60e298d3
Nick Collison,2015-16,14,9.272,13,1.000,151,ff42462b-89ef-11e6-a23e-a45e60e298d3
Jordan Bell,2017-18,14,4.167,13,1.231,336,07a35d50-2dd1-4476-a9ac-b6e7154ce069
Jae Crowder,2015-16,14,3.509,12,1.167,399,ff4213a6-89ef-11e6-89ce-a45e60e298d3
Joe Johnson,2016-17,14,2.247,11,0.636,623,ff420245-89ef-11e6-a51a-a45e60e298d3
Miles Bridges,2021-22,14,22.222,12,1.000,63,b9a042ea-bb42-499a-af74-746d6f8c029a
Solomon Hill,2017-18,14,5.645,12,1.000,248,ff4029c7-89ef-11e6-b1ae-a45e60e298d3
Nikola Mirotic,2018-19,14,2.240,12,0.917,625,ff429e85-89ef-11e6-a63b-a45e60e298d3
LeBron James,2016-17,14,0.952,13,1.000,1470,ff41e9f0-89ef-11e6-87b7-a45e60e298d3
Boban Marjanovic,2015-16,14,17.949,13,1.308,78,ff421770-89ef-11e6-b651-a45e60e298d3
Markieff Morris,2020-21,14,19.718,10,0.900,71,ff41cb11-89ef-11e6-8285-a45e60e298d3
James Harden,2018-19,14,1.636,12,0.500,856,ff42a0d4-89ef-11e6-9944-a45e60e298d3
Mamadi Diakite,2020-21,14,19.178,13,0.846,73,1c5814fe-5268-42a8-b63a-e4e9a83329a5
Montrezl Harrell,2021-22,14,42.424,11,1.273,33,ff42b4e8-89ef-11e6-a75d-a45e60e298d3
Ivica Zubac,2021-22,14,16.092,11,0.917,87,4364572d-1c61-49fe-a083-495a2ebe45d5
Georges Niang,2021-22,14,3.675,11,1.636,381,50996799-4e5d-4748-aa34-1d82c22a2151
James Harden,2017-18,14,1.149,13,1.154,1218,ff42a0d4-89ef-11e6-9944-a45e60e298d3
LeBron James,2017-18,14,0.804,12,0.583,1742,ff41e9f0-89ef-11e6-87b7-a45e60e298d3
Harrison Barnes,2013-14,14,4.389,13,1.308,319,ff42689e-89ef-11e6-ba3e-a45e60e298d3
James Harden,2019-20,14,1.549,11,1.000,904,ff42a0d4-89ef-11e6-9944-a45e60e298d3
James Harden,2021-22,14,1.549,12,1.500,904,ff42a0d4-89ef-11e6-9944-a45e60e298d3
Mike Scott,2020-21,14,20.290,11,0.364,69,ff4161eb-89ef-11e6-a423-a45e60e298d3
Al-Farouq Aminu,2016-17,14,5.882,14,0.714,238,ff41c24a-89ef-11e6-9d40-a45e60e298d3
Terance Mann,2020-21,13,1.776,11,0.545,732,43dcd2b9-2845-490a-9fc4-d610c433ac4c
Andre Iguodala,2019-20,13,1.529,10,1.182,850,ff41b642-89ef-11e6-8ec0-a45e60e298d3
Serge Ibaka,2017-18,13,2.524,13,1.077,515,ff41e09c-89ef-11e6-a26f-a45e60e298d3
Evan Mobley,2021-22,13,9.155,11,1.091,142,c5188d06-f3c3-46b5-a539-1fc037f82b08
Montrezl Harrell,2020-21,13,13.265,10,1.400,98,ff42b4e8-89ef-11e6-a75d-a45e60e298d3
Robert Covington,2020-21,13,2.870,9,1.000,453,ff416430-89ef-11e6-88da-a45e60e298d3
Andre Iguodala,2021-22,13,10.744,10,0.900,121,ff41b642-89ef-11e6-8ec0-a45e60e298d3
Jonah Bolden,2018-19,13,7.831,11,1.273,166,e980dacc-45d0-4506-9abc-8d572cafe0ae
Domantas Sabonis,2017-18,13,4.221,12,0.692,308,800c3b36-c941-4605-ae99-9ce2b60edbdf
Otto Porter Jr.,2021-22,13,1.796,11,1.545,724,ff420a7a-89ef-11e6-972c-a45e60e298d3
Jabari Parker,2017-18,13,3.951,10,1.000,329,ff428c78-89ef-11e6-a777-a45e60e298d3
Perry Jones III,2013-14,13,13.000,10,0.800,100,ff4230b8-89ef-11e6-bc2a-a45e60e298d3
Ekpe Udoh,2017-18,13,28.261,13,0.692,46,ff4166f5-89ef-11e6-8268-a45e60e298d3
Thaddeus Young,2014-15,12,3.288,9,0.778,365,ff42dffd-89ef-11e6-a58a-a45e60e298d3
Jonas Jerebko,2016-17,12,4.598,11,2.000,261,ff4137d9-89ef-11e6-ad62-a45e60e298d3
Jimmy Butler,2019-20,12,0.756,12,0.250,1587,ff41f5c7-89ef-11e6-8f93-a45e60e298d3
LeBron James,2013-14,12,0.884,9,0.889,1358,ff41e9f0-89ef-11e6-87b7-a45e60e298d3
Andrew Wiggins,2021-22,12,0.782,12,0.750,1535,ff4187ba-89ef-11e6-9d60-a45e60e298d3
Kawhi Leonard,2013-14,12,0.853,10,0.900,1406,ff427a33-89ef-11e6-ab99-a45e60e298d3
Jae Crowder,2016-17,12,1.036,12,1.333,1158,ff4213a6-89ef-11e6-89ce-a45e60e298d3
O.G. Anunoby,2021-22,12,2.970,11,1.455,404,4603eded-4510-46ea-bd45-33456d037024
Jae Crowder,2019-20,12,0.920,11,1.091,1304,ff4213a6-89ef-11e6-89ce-a45e60e298d3
Reggie Jackson,2020-21,12,1.001,10,0.900,1199,ff423c7a-89ef-11e6-94b0-a45e60e298d3
Ian Mahinmi,2016-17,12,9.600,12,1.250,125,ff4231c5-89ef-11e6-9db4-a45e60e298d3
Lavoy Allen,2015-16,12,12.121,9,1.500,99,ff42a226-89ef-11e6-a036-a45e60e298d3
Marcus Smart,2021-22,12,0.792,11,0.727,1515,ff411907-89ef-11e6-9c68-a45e60e298d3
Mason Plumlee,2021-22,11,45.833,9,1.000,24,ff42c76e-89ef-11e6-a19d-a45e60e298d3
Gerald Green,2016-17,11,2.981,10,1.200,369,ff415a3a-89ef-11e6-a0bf-a45e60e298d3
Patrick Patterson,2016-17,11,3.073,8,1.125,358,ff4174a1-89ef-11e6-a875-a45e60e298d3
Caleb Martin,2021-22,11,2.657,10,0.900,414,f29ca586-3ba3-4010-8a2c-84e54f0737ba
Kelly Olynyk,2015-16,11,16.667,9,1.400,66,ff426326-89ef-11e6-a607-a45e60e298d3
Bobby Portis,2016-17,11,4.681,11,0.909,235,ff41f651-89ef-11e6-95ed-a45e60e298d3
Ersan Ilyasova,2016-17,11,5.729,11,1.000,192,ff415e54-89ef-11e6-b695-a45e60e298d3
Giannis Antetokounmpo,2014-15,11,2.850,10,0.600,386,ff423b75-89ef-11e6-a507-a45e60e298d3
Cheick Diallo,2017-18,11,10.577,11,0.909,104,a6c829d1-1537-48bb-9445-733445a8696c
Hilton Armstrong,2013-14,11,28.947,8,1.625,38,ff41c31c-89ef-11e6-8d9c-a45e60e298d3
Klay Thompson,2015-16,11,0.646,11,0.545,1703,ff41a31e-89ef-11e6-8405-a45e60e298d3
Ersan Ilyasova,2019-20,11,21.569,10,1.200,51,ff415e54-89ef-11e6-b695-a45e60e298d3
Montrezl Harrell,2016-17,11,26.190,11,1.000,42,ff42b4e8-89ef-11e6-a75d-a45e60e298d3
Robert Covington,2021-22,11,10.185,10,1.200,108,ff416430-89ef-11e6-88da-a45e60e298d3
Jaylen Brown,2021-22,11,0.608,10,1.200,1810,a6904c1c-0dc5-41c8-a618-b3a276131726
Andrei Kirilenko,2013-14,11,4.280,11,0.818,257,ff410dc7-89ef-11e6-898a-a45e60e298d3
Lauri Markkanen,2021-22,11,8.871,10,1.300,124,1133f87b-a68a-4342-ac9f-440393984814
Kevin Durant,2017-18,11,0.678,9,0.889,1622,ff42cfdc-89ef-11e6-8347-a45e60e298d3
Jimmy Butler,2021-22,10,0.822,10,1.300,1217,ff41f5c7-89ef-11e6-8f93-a45e60e298d3
James Harden,2013-14,10,2.004,8,0.500,499,ff42a0d4-89ef-11e6-9944-a45e60e298d3
Joel Freeland,2013-14,10,25.000,9,0.222,40,ff415863-89ef-11e6-917c-a45e60e298d3
Alexis Ajinca,2014-15,10,50.000,9,1.444,20,ff424ec0-89ef-11e6-8c87-a45e60e298d3
Kyle Kuzma,2019-20,10,1.011,9,1.444,989,e769f2fb-9f7d-4982-b4ee-e77cc9aeccea
Tarik Black,2017-18,10,25.641,9,1.100,39,ff414c70-89ef-11e6-80db-a45e60e298d3
Jonathan Kuminga,2021-22,10,3.413,10,1.300,293,cfe5f84b-0f1f-41a5-b3e5-c45efc48df1c
Stephen Curry,2021-22,10,0.648,8,1.375,1543,ff4179a1-89ef-11e6-909f-a45e60e298d3
Pascal Siakam,2017-18,10,2.924,8,0.250,342,3ebb6711-5a0a-4810-922a-9ac3826ad193
Dillon Brooks,2021-22,10,1.420,9,0.778,704,2554ef82-fa57-47a9-814c-32ad9e664e61
Marcus Smart,2017-18,10,1.126,8,0.889,888,ff411907-89ef-11e6-9c68-a45e60e298d3
Joffrey Lauvergne,2016-17,10,20.408,9,0.444,49,ff41dce3-89ef-11e6-87b6-a45e60e298d3
Deyonta Davis,2016-17,10,45.455,9,0.889,22,d61c82b0-75ce-417b-9d4e-d5df88de28e1
Gordon Hayward,2018-19,10,1.852,10,1.400,540,ff419928-89ef-11e6-9305-a45e60e298d3
Mike Scott,2015-16,10,3.215,8,0.875,311,ff4161eb-89ef-11e6-a423-a45e60e298d3
Ed Davis,2017-18,10,7.092,9,1.556,141,ff41853a-89ef-11e6-9ab7-a45e60e298d3
James Michael McAdoo,2015-16,10,12.821,9,1.000,78,ff42af4a-89ef-11e6-8748-a45e60e298d3
David Lee,2015-16,10,16.129,8,0.778,62,ff41bc0a-89ef-11e6-8b1d-a45e60e298d3
LeBron James,2020-21,10,2.024,8,1.250,494,ff41e9f0-89ef-11e6-87b7-a45e60e298d3
Gorgui Dieng,2020-21,10,38.462,9,1.000,26,ff42d4e6-89ef-11e6-b14e-a45e60e298d3
Domantas Sabonis,2016-17,9,69.231,7,0.571,13,800c3b36-c941-4605-ae99-9ce2b60edbdf
Guerschon Yabusele,2017-18,9,9.783,8,0.875,92,0ea87df3-a106-434c-a42d-60d1c22eed54
Richaun Holmes,2017-18,9,40.909,9,0.889,22,ff4271de-89ef-11e6-83dc-a45e60e298d3
Jeff Ayres,2014-15,9,40.909,9,0.556,22,ff42ac8c-89ef-11e6-847d-a45e60e298d3
Meyers Leonard,2019-20,9,14.754,9,1.222,61,ff416f5c-89ef-11e6-9530-a45e60e298d3
LeBron James,2015-16,9,0.586,9,1.111,1536,ff41e9f0-89ef-11e6-87b7-a45e60e298d3
Ante Zizic,2017-18,9,21.951,9,1.000,41,a98836e1-43d1-490d-a08a-790a9adc0954
Paul Pierce,2014-15,9,1.563,8,0.500,576,ff41a038-89ef-11e6-abdf-a45e60e298d3
JR Smith,2017-18,9,0.673,8,0.500,1338,ff403f7d-89ef-11e6-b44d-a45e60e298d3
Dewayne Dedmon,2020-21,9,7.759,8,0.875,116,ff41de23-89ef-11e6-a0fc-a45e60e298d3
Marcus Smart,2019-20,9,0.703,8,1.125,1280,ff411907-89ef-11e6-9c68-a45e60e298d3
Juwan Morgan,2019-20,9,5.389,9,1.444,167,00d15dc2-5027-4861-8534-08e6c4b68f45
Davis Bertans,2016-17,9,4.110,7,0.429,219,ff42a38f-89ef-11e6-bb57-a45e60e298d3
Luke Kornet,2020-21,9,42.857,9,1.333,21,b398ebec-fd8f-4809-825b-5cacd8742ac5
Paul George,2019-20,9,0.928,9,0.222,970,ff412894-89ef-11e6-ac03-a45e60e298d3
Nikola Mirotic,2014-15,9,2.980,9,0.667,302,ff429e85-89ef-11e6-a63b-a45e60e298d3
Paul Millsap,2019-20,9,1.022,7,1.143,881,ff415538-89ef-11e6-9b07-a45e60e298d3
Victor Oladipo,2021-22,9,1.238,8,1.500,727,ff415fa8-89ef-11e6-bc85-a45e60e298d3
Rudy Gay,2018-19,8,2.326,7,0.571,344,ff4039fa-89ef-11e6-bd79-a45e60e298d3
Spencer Dinwiddie,2021-22,8,0.839,8,1.250,953,ff42ed45-89ef-11e6-ac16-a45e60e298d3
Tyler Zeller,2015-16,8,10.811,7,0.286,74,ff4287f3-89ef-11e6-ad05-a45e60e298d3
Meyers Leonard,2013-14,8,57.143,7,0.500,14,ff416f5c-89ef-11e6-9530-a45e60e298d3
Kevin Durant,2015-16,8,0.557,8,0.250,1436,ff42cfdc-89ef-11e6-8347-a45e60e298d3
Davis Bertans,2017-18,8,4.848,6,0.500,165,ff42a38f-89ef-11e6-bb57-a45e60e298d3
Kawhi Leonard,2018-19,8,0.429,8,0.375,1863,ff427a33-89ef-11e6-ab99-a45e60e298d3
Gordon Hayward,2019-20,8,2.532,6,2.000,316,ff419928-89ef-11e6-9305-a45e60e298d3
Chris Boucher,2019-20,8,8.791,8,1.375,91,ee397b51-3454-43fb-86a7-fef6aca86633
Gabe Vincent,2021-22,8,0.972,7,1.286,823,82a7f31c-e3b4-4105-8d3e-0e4dcde0f73b
Pat Connaughton,2021-22,8,1.236,7,0.571,647,ff402c6e-89ef-11e6-9ffa-a45e60e298d3
Isaiah Hartenstein,2021-22,8,29.630,5,1.000,27,370d6957-0b6e-490c-a4c0-73650617fd7b
Bol Bol,2019-20,8,19.048,7,0.429,42,798a4bfe-c461-4dc0-b2e8-23d393674a28
Jakob Poeltl,2016-17,8,16.327,7,0.714,49,ca6b7e96-9060-4d5a-8bef-1a8b6ab230ec
Jaxson Hayes,2021-22,8,3.419,7,1.143,234,21156095-81be-4153-84f8-e93977e50b51
Robert Williams III,2020-21,8,6.504,6,1.667,123,79b83f96-5723-4219-b521-57de6111ee97
Ekpe Udoh,2014-15,8,33.333,7,0.571,24,ff4166f5-89ef-11e6-8268-a45e60e298d3
Mike Scott,2018-19,8,1.980,7,0.714,404,ff4161eb-89ef-11e6-a423-a45e60e298d3
Thon Maker,2018-19,8,5.479,8,1.500,146,a431a70a-8e7e-48f3-bc85-a21fd0e7918b
Joe Johnson,2014-15,8,1.667,8,0.875,480,ff420245-89ef-11e6-a51a-a45e60e298d3
Nicolas Batum,2021-22,8,6.504,8,0.500,123,ff4239f0-89ef-11e6-a24c-a45e60e298d3
Jalen Brunson,2021-22,8,0.669,8,0.750,1195,55a67dca-0c9e-4827-a122-93e74f23c8be
Duncan Robinson,2019-20,8,0.675,7,1.143,1186,1424d944-bd15-4a60-9f13-ebf5e2a67d84
Scottie Barnes,2021-22,7,2.662,6,1.167,263,38a66c7d-ba47-4e61-b7d5-8a6cc4bc05d2
Luc Mbah a Moute,2017-18,7,2.288,7,0.857,306,ff411475-89ef-11e6-8b53-a45e60e298d3
Jerome Jordan,2014-15,7,87.500,4,0.500,8,ff4021ae-89ef-11e6-8e44-a45e60e298d3
Jaylen Hoard,2019-20,7,8.333,6,1.167,84,bfa95b5b-749f-4c3e-bf9b-5e19f59e176f
Matt Bonner,2014-15,7,9.722,7,1.286,72,ff4016de-89ef-11e6-8932-a45e60e298d3
Brandon Bass,2014-15,7,4.167,6,0.667,168,ff402a33-89ef-11e6-9162-a45e60e298d3
Manu Ginobili,2013-14,7,0.613,6,0.333,1141,ff40273a-89ef-11e6-ac65-a45e60e298d3
Reggie Jackson,2013-14,7,0.688,5,1.400,1017,ff423c7a-89ef-11e6-94b0-a45e60e298d3
Andre Iguodala,2015-16,7,0.455,6,0.833,1540,ff41b642-89ef-11e6-8ec0-a45e60e298d3
Matt Bonner,2013-14,7,2.800,7,1.286,250,ff4016de-89ef-11e6-8932-a45e60e298d3
Duncan Robinson,2021-22,7,2.303,6,1.500,304,1424d944-bd15-4a60-9f13-ebf5e2a67d84
James Jones,2015-16,7,6.931,7,0.429,101,ff417ae3-89ef-11e6-b660-a45e60e298d3
Kyle Korver,2017-18,7,0.733,4,1.250,955,ff41d370-89ef-11e6-a419-a45e60e298d3
P.J. Washington,2020-21,7,10.606,6,0.333,66,4f137dfc-e973-4510-a032-ddadc67299bc
Caron Butler,2013-14,7,0.878,7,1.286,797,ff420c9e-89ef-11e6-94c8-a45e60e298d3
Pat Connaughton,2019-20,7,1.902,7,0.714,368,ff402c6e-89ef-11e6-9ffa-a45e60e298d3
P.J. Washington,2021-22,7,8.861,5,0.400,79,4f137dfc-e973-4510-a032-ddadc67299bc
DeMarcus Cousins,2021-22,7,6.667,6,1.000,105,ff41c6d1-89ef-11e6-a1ca-a45e60e298d3
JaKarr Sampson,2019-20,7,7.292,5,1.000,96,ff42a55c-89ef-11e6-be00-a45e60e298d3
Nemanja Bjelica,2020-21,7,11.864,6,1.500,59,ff4248a8-89ef-11e6-9a62-a45e60e298d3
Miles Plumlee,2014-15,7,23.333,6,0.333,30,ff410780-89ef-11e6-8115-a45e60e298d3
Carmelo Anthony,2020-21,7,2.545,6,1.833,275,ff41a705-89ef-11e6-8b57-a45e60e298d3
Damian Jones,2016-17,7,16.667,6,1.333,42,ff42a38f-89ef-11e6-bb34-a45e60e298d3
Dirk Nowitzki,2015-16,7,2.160,6,1.000,324,ff411411-89ef-11e6-8f83-a45e60e298d3
Fred VanVleet,2019-20,7,0.810,7,0.571,864,4740d4bd-1b18-4cb3-896f-d6472b01fdea
Andre Iguodala,2018-19,7,0.546,7,1.429,1282,ff41b642-89ef-11e6-8ec0-a45e60e298d3
Jarell Martin,2015-16,7,7.955,7,0.429,88,ff41952b-89ef-11e6-9e9a-a45e60e298d3
Chris Copeland,2013-14,7,4.605,7,1.143,152,ff4026cf-89ef-11e6-9326-a45e60e298d3
Shaun Livingston,2015-16,7,0.674,7,1.000,1039,ff41a4cc-89ef-11e6-930f-a45e60e298d3
Jayson Tatum,2019-20,7,0.512,5,0.400,1366,986b713a-b20b-4eb0-919e-c859d0508af7
Marcus Smart,2016-17,7,0.667,7,0.571,1050,ff411907-89ef-11e6-9c68-a45e60e298d3
Avery Bradley,2016-17,7,0.562,5,2.200,1246,ff41c2ae-89ef-11e6-9ece-a45e60e298d3
Gerald Green,2017-18,7,1.306,7,1.429,536,ff415a3a-89ef-11e6-a0bf-a45e60e298d3
Joel Anthony,2016-17,7,21.212,5,0.500,33,ff414ce8-89ef-11e6-9a16-a45e60e298d3
Matt Barnes,2015-16,6,2.326,4,1.250,258,ff4022fa-89ef-11e6-ab56-a45e60e298d3
Eric Gordon,2019-20,6,0.709,5,1.000,846,ff4252dc-89ef-11e6-8da2-a45e60e298d3
Kyle Lowry,2021-22,6,1.047,5,0.600,573,ff41baca-89ef-11e6-8ca0-a45e60e298d3
Danuel House Jr.,2019-20,6,1.060,5,0.000,566,5f053600-9d58-4d87-aaa5-1117ac33da25
Andre Iguodala,2014-15,6,0.487,5,0.800,1231,ff41b642-89ef-11e6-8ec0-a45e60e298d3
Jerami Grant,2016-17,6,2.643,6,1.500,227,ff41d0d1-89ef-11e6-aad4-a45e60e298d3
John Henson,2016-17,6,27.273,6,1.000,22,ff429917-89ef-11e6-97c2-a45e60e298d3
Brandon Bass,2016-17,6,75.000,3,1.000,8,ff402a33-89ef-11e6-9162-a45e60e298d3
Khris Middleton,2020-21,6,0.325,5,1.000,1848,ff413d99-89ef-11e6-83e1-a45e60e298d3
Patrick Beverley,2020-21,6,0.952,5,1.400,630,ff419dba-89ef-11e6-88cb-a45e60e298d3
Pascal Siakam,2021-22,6,1.235,6,1.000,486,3ebb6711-5a0a-4810-922a-9ac3826ad193
Gary Payton II,2021-22,6,1.471,4,0.500,408,a53f4c58-d55e-4571-a980-808bdd874241
Danny Green,2021-22,6,0.998,6,1.167,601,ff427063-89ef-11e6-9a2b-a45e60e298d3
Royce O'Neale,2019-20,6,1.268,4,2.500,473,b737be07-9b70-42c2-8ab4-41c14ae7c288
Jonas Jerebko,2018-19,6,2.597,4,1.750,231,ff4137d9-89ef-11e6-ad62-a45e60e298d3
Klay Thompson,2016-17,6,0.491,6,1.833,1222,ff41a31e-89ef-11e6-8405-a45e60e298d3
Meyers Leonard,2017-18,6,31.579,5,1.000,19,ff416f5c-89ef-11e6-9530-a45e60e298d3
Patrick Patterson,2013-14,6,1.596,6,1.000,376,ff4174a1-89ef-11e6-a875-a45e60e298d3
George Hill,2017-18,6,0.568,5,1.000,1057,ff41ab8f-89ef-11e6-878b-a45e60e298d3
Dion Waiters,2015-16,6,0.624,6,0.500,962,ff4024b0-89ef-11e6-a1ae-a45e60e298d3
Hedo Turkoglu,2014-15,6,5.825,3,0.667,103,ff41c8e3-89ef-11e6-8b64-a45e60e298d3
Patrick McCaw,2018-19,6,5.505,6,0.667,109,ff42a38f-89ef-11e6-bb23-a45e60e298d3
Ben Simmons,2020-21,6,0.711,5,1.800,844,39109a9f-6683-4aab-984e-34e0bbf6309b
Richard Jefferson,2015-16,6,0.833,5,0.800,720,ff423566-89ef-11e6-a568-a45e60e298d3
Draymond Green,2020-21,6,3.371,4,0.000,178,ff41a38c-89ef-11e6-b14d-a45e60e298d3
Zach Collins,2021-22,6,18.182,6,1.833,33,e80fe1d3-0b98-4c13-b6e5-da024cc77ae5
Thanasis Antetokounmpo,2020-21,6,6.000,6,1.000,100,ff41c4c0-89ef-11e6-aadb-a45e60e298d3
Tyler Herro,2019-20,6,0.433,6,0.667,1385,e04000b7-501d-44b1-a837-6a84dcb590e6
Eric Gordon,2017-18,6,0.546,6,0.667,1098,ff4252dc-89ef-11e6-8da2-a45e60e298d3
Andre Iguodala,2016-17,6,0.699,4,1.250,858,ff41b642-89ef-11e6-8ec0-a45e60e298d3
Kyle Lowry,2019-20,6,0.730,6,1.000,822,ff41baca-89ef-11e6-8ca0-a45e60e298d3
Seth Curry,2021-22,6,1.929,4,0.500,311,ff414163-89ef-11e6-9d7d-a45e60e298d3
Ben Simmons,2017-18,6,0.798,5,1.800,752,39109a9f-6683-4aab-984e-34e0bbf6309b
Trevor Ariza,2016-17,6,0.732,4,1.500,820,ff41881e-89ef-11e6-ab27-a45e60e298d3
Anthony Tolliver,2013-14,6,13.953,3,1.333,43,ff4200a1-89ef-11e6-8786-a45e60e298d3
Lucas Nogueira,2015-16,6,11.321,5,0.400,53,ff4147e8-89ef-11e6-a064-a45e60e298d3
Lavoy Allen,2013-14,6,20.690,5,1.200,29,ff42a226-89ef-11e6-a036-a45e60e298d3
Klay Thompson,2013-14,6,1.200,6,0.667,500,ff41a31e-89ef-11e6-8405-a45e60e298d3
Torrey Craig,2020-21,6,1.132,6,1.333,530,a5e7ac10-9637-40cd-a5c2-644cbf8b1bc6
Brad Wanamaker,2019-20,5,0.916,5,1.600,546,a9b6713c-6738-4dba-8c80-787fe50562b0
Jusuf Nurkic,2016-17,5,14.286,5,0.400,35,ff42622b-89ef-11e6-9088-a45e60e298d3
Joey Dorsey,2014-15,5,18.519,5,0.400,27,ff42ac14-89ef-11e6-94ac-a45e60e298d3
Gordon Hayward,2016-17,5,0.627,3,0.000,798,ff419928-89ef-11e6-9305-a45e60e298d3
Paul Reed,2020-21,5,26.316,5,0.800,19,1736561c-d0c5-41ac-bd1c-1a28454ddb79
Stephen Curry,2015-16,5,0.404,3,0.667,1237,ff4179a1-89ef-11e6-909f-a45e60e298d3
Brandan Wright,2016-17,5,22.727,5,1.200,22,ff428868-89ef-11e6-acd6-a45e60e298d3
Anthony Davis,2014-15,5,1.506,4,0.000,332,ff41df59-89ef-11e6-810a-a45e60e298d3
Shaun Livingston,2017-18,5,0.691,5,1.400,724,ff41a4cc-89ef-11e6-930f-a45e60e298d3
Rodney Hood,2017-18,5,1.035,5,0.800,483,ff418045-89ef-11e6-9970-a45e60e298d3
Jamal Murray,2019-20,5,0.343,4,1.500,1457,e4e1ee10-b409-482c-acaf-27cba47cc688
T.J. Leaf,2017-18,5,83.333,5,0.800,6,0c8ab521-8c02-4886-9238-f758c02fdd1f
Jayson Tatum,2017-18,5,0.380,5,0.400,1317,986b713a-b20b-4eb0-919e-c859d0508af7
Damian Jones,2018-19,5,27.778,4,1.250,18,ff42a38f-89ef-11e6-bb34-a45e60e298d3
James Michael McAdoo,2016-17,5,4.386,4,0.000,114,ff42af4a-89ef-11e6-8748-a45e60e298d3
Chris Paul,2018-19,5,0.629,5,0.600,795,ff4144dc-89ef-11e6-85fd-a45e60e298d3
Dorell Wright,2015-16,5,13.889,5,1.600,36,ff4235eb-89ef-11e6-a3e8-a45e60e298d3
Stephen Curry,2018-19,5,0.290,5,1.000,1726,ff4179a1-89ef-11e6-909f-a45e60e298d3
Pat Connaughton,2018-19,5,0.726,5,1.200,689,ff402c6e-89ef-11e6-9ffa-a45e60e298d3
Ognjen Kuzmic,2013-14,5,33.333,5,1.000,15,ff418259-89ef-11e6-8732-a45e60e298d3
Joe Harris,2020-21,5,0.581,4,0.750,861,ff4149b3-89ef-11e6-9604-a45e60e298d3
Khris Middleton,2017-18,5,0.965,5,1.000,518,ff413d99-89ef-11e6-83e1-a45e60e298d3
Khris Middleton,2014-15,5,1.124,5,0.800,445,ff413d99-89ef-11e6-83e1-a45e60e298d3
Bojan Bogdanovic,2016-17,5,0.942,5,0.000,531,ff42b023-89ef-11e6-b4a8-a45e60e298d3
Jalen McDaniels,2021-22,5,9.091,3,2.000,55,53156560-bf91-4362-8557-db97bc470659
Shaun Livingston,2016-17,5,1.066,5,0.600,469,ff41a4cc-89ef-11e6-930f-a45e60e298d3
Reggie Bullock,2021-22,5,0.375,5,0.800,1333,ff4112c7-89ef-11e6-9397-a45e60e298d3
Iman Shumpert,2014-15,5,0.384,4,1.000,1303,ff41e502-89ef-11e6-9ee1-a45e60e298d3
Vince Carter,2013-14,5,1.362,5,0.800,367,ff4274d7-89ef-11e6-ac5d-a45e60e298d3
Chris Paul,2017-18,5,0.489,5,0.800,1023,ff4144dc-89ef-11e6-85fd-a45e60e298d3
Brandon Clarke,2019-20,5,9.091,4,1.750,55,8c8c43ec-1dc2-4cf0-a68b-641c8fb6e45d
Eric Paschall,2021-22,5,10.870,5,0.400,46,b3952f61-6f6e-4e7c-8c36-98de98e9a1a8
Drew Eubanks,2020-21,5,83.333,5,1.600,6,e89c6a2b-0008-4b5b-8298-527871bafc2f